cellId	x	y
AAACCCACAGCACAGA	-1.46138020945039	2.62938218205589
AAACCCAGTATACGGG	3.59121411994199	-1.20218384944205
AAACCCAGTGATTGGG	-3.06552780454027	-3.66291482175666
AAACGCTAGAATAGTC	-0.502345868836069	0.864159527067417
AAACGCTTCTGCTTTA	-1.18411042961119	3.69785960538858
AAACGCTTCTTCGTAT	0.610876356196468	1.15418530659984
AAAGAACAGAACCGCA	2.66045509883504	-1.99962678621429
AAAGAACAGTTGGCGA	-2.56325675295069	-0.0787332762137654
AAAGAACCAGCCTTCT	-1.4050113759767	-0.979591978746477
AAAGAACGTAGCTAAA	1.40407592751291	0.0992460700143782
AAAGAACGTTACAGCT	-1.6536328778755	2.892860921572
AAAGAACTCTGCGATA	1.43213810124843	0.876814736463118
AAAGGGCCAAGAAATC	0.034026610624279	-2.78140149297238
AAAGGGCGTGGCATCC	1.46100620971419	0.513318140701948
AAAGGTAAGCTCGAAG	-0.328998614299692	3.44449574247541
AAAGGTATCAGTCCGG	0.290462246613863	-0.319834678093507
AAAGTCCGTGATCGTT	-2.69577425962271	-0.87910549597731
AAAGTCCTCATGCATG	-0.96506329787461	-0.344851658706345
AAAGTGACATCGCCTT	-1.01540490608264	1.41948090585221
AAAGTGACATTCAGGT	-1.30008632805388	3.46718858548878
AAAGTGATCCTGTAAG	-0.505160979841632	0.907668521985353
AAATGGACATGTCGTA	-2.81647045011619	-3.82361224238313
AACAAAGGTTTGATCG	-0.682255860709715	1.21460652676742
AACAACCTCACCTGTC	3.07662258063317	-0.671459834082746
AACACACAGAGTGTTA	0.823566300363268	1.10301901906358
AACACACCAGGTTACT	-0.268947333683426	3.86565331400897
AACACACTCGCGGTAC	0.161475014755865	-0.00495166768847088
AACAGGGAGAGTCAAT	1.36021333857828	-0.950127375198808
AACCATGTCCTAGAGT	2.44083971165697	2.56215310868546
AACCCAAAGGTAAGAG	-0.744147763556646	2.78884724975824
AACCTGAAGGAGTATT	-1.38567870828314	-1.80033002940756
AACCTGACACACCTAA	-3.62903587269732	-3.71612901198591
AACCTGAGTTGGACCC	0.320444863179731	1.62307911940869
AACCTGATCGTTAGTG	-2.39340965654554	0.242605463601047
AACCTTTAGTTAGTAG	-1.04925276596869	-0.666856615523149
AACCTTTGTTTCCATT	1.85291228352801	1.16288692410309
AACCTTTTCGTCACCT	-0.763902044663144	-1.28647875524618
AACGAAAAGCACTCTA	2.5051289166271	-1.13829243147157
AACGAAAGTTGGTGTT	-0.741357100881594	0.564347650398527
AACGGGAAGACATCAA	-1.2045174730495	2.68762783463
AACGGGACATCCGTTC	-1.59667513721586	-1.09308596602707
AACGGGATCATAGGCT	2.22615994702752	-0.103935280225202
AACGTCAGTAGGGTAC	-0.302250085077723	2.0088526688842
AACGTCATCTTCTAAC	2.1943900882937	-3.13511568292915
AACTTCTAGGTCCCGT	-0.392687634472439	1.53180117782551
AAGAACAAGCTGTCCG	-2.53514403080935	0.688088885750838
AAGAACACACCAACAT	-0.451798829891351	1.90072913838318
AAGAACAGTATTGAGA	1.99695735840961	-1.00517084081669
AAGAACAGTCGAGTTT	-0.233725834207427	-0.566393726301881
AAGACTCAGATGTTAG	-1.30741511063705	0.495640664627211
AAGATAGCATTCTCCG	2.3552200386662	-0.954927474463989
AAGCCATTCTGGGTCG	-0.213976011196796	2.07988273855218
AAGCGAGAGTATGACA	-0.146224334289807	-0.687254515937838
AAGCGAGTCAGCAGAG	2.45697580117554	-0.356919507018222
AAGCGAGTCGCAGTGC	0.392736760813406	1.867104856823
AAGCGTTTCGCTGTCT	4.16502404091152	-1.58834153899632
AAGTACCAGCGACCCT	-0.0960487298383814	-0.154369349687186
AAGTACCGTCTCGCGA	-1.72074700091899	-1.53736007193423
AAGTACCGTGCAGTGA	0.750521948521018	-0.0314019675188142
AAGTCGTGTGGGATTG	0.598972450079075	-2.84025135565905
AAGTCGTTCGTTAGAC	-0.3955330863492	-2.53053073299458
AAGTGAAAGAGATTCA	-0.629512451607392	-2.139295962247
AAGTGAACAGAGAAAG	-3.70042940707966	1.6593106464348
AAGTGAAGTTACTCAG	-1.70400951250973	-4.35618857119643
AAGTTCGTCCGTAGGC	3.69568435139907	-1.62750160995307
AAGTTCGTCGCAGTTA	1.44259021769864	1.10583020147656
AAGTTCGTCGCTCTAC	-1.4931318665414	2.69409046122869
AATAGAGAGGATGGCT	-0.315692681520854	2.05338571647123
AATAGAGCAGTCTACA	1.14264358453977	1.22121629206149
AATAGAGTCTTTGATC	2.40404695208409	-2.91039266492158
AATCGACAGCAGCGAT	1.89231789149147	0.659745436251154
AATCGACTCCCGAACG	-2.42235024928276	2.05840201647024
AATCGACTCGTAGAGG	2.63075683852415	2.01951520853327
AATCGTGCAGCGTTTA	0.438748467028576	1.53770211560942
AATGAAGAGTATGAGT	-1.34589960966766	-2.08540771386674
AATGAAGCAAGGATGC	-0.500044923710447	2.65360314766784
AATGAAGCACGACCTG	-1.44769051641004	1.65887765331148
AATGAAGTCTTCCAGC	-3.25233023668653	-4.00007959342468
AATGACCCATATACCG	2.01330212408431	0.247250782597863
AATGCCACAGAGGGTT	-1.18955187265802	-0.676152888398628
AATGGAAGTCGACTTA	2.05888887700762	0.372709930747894
AATGGCTCAGGCTATT	2.35411267610655	-2.81564014045551
AATGGCTCATGGTGGA	-2.90421636285738	-0.494515498627226
AATGGCTTCACCCTGT	-2.94659184174979	0.936819584774561
AATTCCTGTCCATCTC	-0.622082092053451	-2.05175101193726
AATTCCTGTTTGTGGT	-2.30693152623421	1.00656378534264
AATTTCCTCACTTCTA	-3.32975002381674	1.51784102004284
AATTTCCTCCTCGATC	-0.853119677359186	0.76824369472373
ACAAAGAGTGTTTGCA	0.802785237455975	2.23816375157405
ACAAGCTCAAATTGCC	0.974268441846746	-2.28750231922715
ACAAGCTCATTGTACG	2.19148494230688	0.722349220942899
ACACAGTGTGGTTTAC	-1.19025279611348	2.21668880554126
ACACCAAGTTCTAACG	1.85113949589474	1.16927333980112
ACACGCGAGGGAGGGT	1.9947450075227	-0.73985799932306
ACACTGAAGTATAGAC	-0.271083756322671	-2.26855822881414
ACACTGACAAAGGCAC	0.159222872902172	-1.83901614447414
ACACTGATCCGCCTAT	0.541274611048699	-1.99333886964111
ACAGAAACACAGTATC	2.2489801998245	-2.214343021577
ACAGAAATCTTGCAGA	-0.681181457257267	-2.67039763717859
ACAGCCGCACCAGCTG	-0.580424841106884	-0.239471942450062
ACAGCCGTCTCGGGAC	-0.658899178100089	-0.606841082517104
ACAGGGAGTAGTCTTG	-2.26676011237875	-4.11097175318829
ACAGGGATCTGCTCTG	-2.86311440726419	-3.31938141916833
ACATCCCCAATCAAGA	0.653966538522341	-1.52135370491605
ACATCCCTCCCGTGAG	-1.56329169424473	1.77843412964724
ACATCGACACGTCGTG	1.50636023048344	1.56187836934392
ACATCGAGTTTACCAG	-2.87636686712001	0.636053207471718
ACATCGATCGAGAGAC	0.320580444082149	3.74206765802956
ACATGCATCTGACGCG	-0.814522052558285	-2.46835119472362
ACATGCATCTTCGTGC	4.35782518582313	0.876084355926281
ACCAAACCAGAGTGTG	1.1701220742758	3.27830796013612
ACCAAACCATGGCCCA	3.96280117288374	1.46765509546269
ACCAACACAACAACAA	-1.07116310664485	0.514508070766592
ACCAACACACTGTTCC	-2.80310411865124	0.551176547020523
ACCATTTAGGAAACGA	-1.73694748387404	-0.55767148585469
ACCATTTCAAGGGTCA	-2.41891670458609	-1.05270297856955
ACCCAAATCAGTGGGA	-2.31822453307027	-0.492517123653679
ACCCTCAAGCTGGCCT	-0.659619749110769	1.05128589503726
ACCCTCAGTCCGGACT	-0.426494430288001	0.618587416104655
ACCCTTGAGCAAATGT	3.03314166075956	2.02106937933179
ACCTACCAGTGTCATC	-0.929150165884534	3.68513176813697
ACCTGAACATGGCACC	-1.62324153991003	1.29536640193003
ACCTGTCAGACGCATG	0.618408899442532	2.90245916056136
ACGATCAAGTACCCTA	-3.43189540304378	-3.92677772501335
ACGATCAGTGTCCATA	-1.03014995267853	3.15224081285911
ACGCACGCAACGACTT	-1.92286107817216	-0.195963240280123
ACGCACGGTGGAGGTT	0.283489979297057	-1.23110866689422
ACGCACGTCAGCACCG	-3.42609232962893	-3.78423404049837
ACGGGTCGTACACGTT	2.32278785695922	0.267590378705059
ACGGTCGCACCCAACG	-2.04603202348324	0.266527855667251
ACGGTCGGTTGGCTAT	-2.8677573393117	-4.23956623775856
ACGGTTAAGAATTGCA	1.92024881988908	-3.14224827390268
ACGGTTAAGCGACTGA	-0.515190745828476	3.05819347651146
ACGGTTACACATCATG	1.82630182166303	2.93924704467622
ACGGTTACACTACACA	-2.4192106057006	-0.795883533194543
ACGGTTAGTTCCATTT	-0.77021564338234	0.47651618387543
ACGGTTATCTGGTGGC	-2.11440253003079	2.05751068965994
ACGTAACGTCTTACAG	-3.13560731344996	1.06323083971493
ACGTACAAGACATATG	1.29350053596356	-2.04589280267842
ACGTACAGTCCAACGC	0.971980287960249	3.18643282851627
ACGTCCTAGGCCTAGA	4.00446552128984	-1.64531428614975
ACGTCCTTCGTAACAC	1.62012950255073	0.217654333336285
ACGTTCCAGTCACTAC	-1.15360910693767	2.41781680271592
ACTATCTTCCGCACGA	0.210154862301063	-0.27103125026128
ACTATGGAGGTTCAGG	-0.22469968732372	1.50323302082124
ACTATGGCAATTGTGC	3.7443009100012	-0.945268479216118
ACTATGGCATGGCTGC	-2.7048224513947	1.62638836957333
ACTATGGGTGAGTTGG	-0.639318169961694	-2.34071008538649
ACTATTCTCCATCGTC	2.56456887704447	-2.90652556248417
ACTCCCAGTGTTCCAA	-0.0180255922824992	-2.12892845671165
ACTCCCATCATGGATC	-0.279943533710333	0.434804649538884
ACTCCCATCTACCAGA	-1.63912887919649	3.51193351180787
ACTCCCATCTCAATCT	0.454993064352072	-3.01998738489321
ACTCTCGCACGTCGTG	4.3327432462516	0.980480839249961
ACTCTCGTCCATCTGC	1.86383381396401	-3.1216151289703
ACTGATGTCAGTGCGC	1.43687097714074	1.83719028503278
ACTGCAACAGTTAGAA	-1.54821205139275	-1.83408658403888
ACTGCAAGTGAGAACC	0.789321211076221	0.763763998181719
ACTGCAATCCATGAGT	1.57863439198022	-1.29891866740848
ACTGTCCGTTAAACCC	1.09540011290722	0.683421948921917
ACTGTGAAGCCGAACA	5.2163070776496	2.09434906202967
ACTGTGATCCACGAAT	0.752401630930994	-1.56198521091334
ACTGTGATCTCTCGCA	-1.02779116136484	0.894574051923081
ACTTAGGAGCATGCGA	-1.87266247626257	0.913479033910355
ACTTAGGCAGGCGATA	-0.272467006616895	1.64741379161808
ACTTAGGTCAGGAACG	3.9559250360765	-1.75567630072618
ACTTATCGTGTACGCC	2.60241431762957	-2.34560220931197
ACTTCCGCATGCTGCG	-1.21683511487554	3.67879709664859
ACTTCCGTCCCGAACG	-3.19192789303372	-4.28616785154008
ACTTTCACACCCTTAC	-2.0730515128552	1.88531770559896
ACTTTCACACGTCGGT	-1.04220075351135	-2.36498515408452
ACTTTCACATGACGTT	-1.97087835729492	-4.40308675721526
ACTTTCAGTCTCAGAT	-1.216081081886	0.988149919334062
ACTTTCATCGCGTAGC	-1.95056731808467	-1.32172508753181
ACTTTGTAGATTGCGG	0.924509746411081	0.329444685574298
ACTTTGTAGCCTCATA	-1.42530497199314	1.33314750003613
ACTTTGTGTCGTTATG	-1.32087641682155	3.9129723010411
ACTTTGTGTTGACTAC	1.34585635698047	-2.92109351987812
AGAAATGCAGCAGACA	0.910743314037127	1.48002498957283
AGAAATGGTCAGCGTC	-2.42817089238846	-4.0832165921221
AGAAATGGTCTACTGA	1.69522963093543	1.26952596874067
AGAAATGTCACCGGGT	-2.9054502922792	-3.73160031691813
AGAACAAGTACCCGCA	5.09096595942838	1.58589834790708
AGAAGTAAGAAACTAC	-0.196943122768585	1.60841936191431
AGAAGTACAAAGGGTC	-0.572892942944122	-2.64912332383623
AGACAAACAAACACGG	1.9551754599758	1.11094489350683
AGACAAACACTGAGGA	2.30602204335405	-2.92599196890585
AGACAAAGTGCCGGTT	1.36999501848477	2.44836439428498
AGACAAATCCTTTAGT	-2.28306749438323	1.11714398852851
AGACACTGTAGCGATG	-2.11962327673156	-4.53591574081365
AGACCATAGGGCAGAG	-1.15832187901645	-1.31456875505677
AGACCATGTATGGAGC	0.0345902685225878	3.04852001433914
AGACTCACATAGAAAC	4.10197514454999	1.30286712718564
AGAGAATCAGAGACTG	2.7279522469255	-0.664021608699634
AGAGAGCAGACTAAGT	-0.0877945909086186	-2.49366658179032
AGAGAGCAGTTACTCG	1.53066187155561	-0.224677432660821
AGAGCAGGTTCAAACC	0.188127099121289	0.0128451227929514
AGAGCCCAGTTACGAA	1.31504629244321	0.638832537496329
AGAGCCCCAGCGTAGA	-2.44291599874152	-0.582757500820931
AGATAGAAGCAAGCCA	-0.00449612835478197	3.81648181422453
AGATAGAGTAACAAGT	-1.87430620871858	2.41831777934677
AGATCCAAGGTACAAT	1.83717862218154	0.839023772652108
AGATCCACAACAGCTT	5.10307567112028	1.92145278655985
AGATCCATCCGCATAA	2.79180910633997	0.0260248515404058
AGATCGTCACTGTGAT	0.29342769480801	1.40914109384239
AGATCGTCAGCGCGTT	3.70449947341893	1.6980478864807
AGATGCTGTAATCAAG	4.10438423710926	-1.38352464293573
AGATGCTGTCTGCATA	-1.96135033379247	-4.52498841082673
AGCATCACACTTGTGA	-0.516987247732949	0.0787386050856931
AGCATCACAGACTCTA	0.779620216737439	1.61581049672136
AGCATCAGTTGTCAGT	2.66086669118828	-2.72822845551369
AGCCAATAGAATTGCA	-2.47740703524719	0.994186231459718
AGCCAATGTACTCGAT	0.67384723001057	3.08989000035266
AGCCAATGTCTACGTA	-3.31691882359946	-4.26645332195621
AGCCAATGTGCCCACA	-0.782063389144739	0.912537794565364
AGCCACGCAAGTGGAC	1.28534964928135	0.48794354435385
AGCCACGCACATAGCT	3.24619512032427	-1.23648290996574
AGCCACGGTTACGTAC	-1.28813259336939	3.4385963264424
AGCCAGCGTCAGCGTC	1.78373409028018	-2.74478133104003
AGCCAGCTCACCCTCA	1.77734576048786	1.73989327849026
AGCGCCAGTGGCAACA	1.0873457447577	-2.6603415974975
AGCGCCAGTTCGCGTG	-2.60832177538966	0.238810525946715
AGCGCTGTCTCGTCAC	2.42836348379065	-2.99930948437161
AGCGTATAGTATTGCC	2.58788448795783	2.36614794444064
AGCTACAAGCGACCCT	2.4329725147933	-0.525806436304944
AGCTCAAAGGAAAGTG	-2.26625917787627	-1.0190053827586
AGCTCAAAGTCTTCGA	-2.18550606023384	2.31626466131276
AGCTCAACATGTGCTA	0.0233911358330365	-1.5320274815998
AGCTCAATCTCGTCGT	0.33627805376615	-2.85825480797837
AGCTTCCAGCTTCATG	-0.446028186636831	3.94062558589236
AGGAATACAGTGTGGA	2.07328954833633	-1.55666750823814
AGGAATATCAATCTTC	-1.77317143374124	0.657228782166924
AGGACGACAAATGGCG	-1.71721719410473	-1.646862871543
AGGACGATCGGAAACG	2.13811890575372	-2.83685460833023
AGGACTTGTCACTCTC	0.424604992879404	-2.48892329000171
AGGACTTGTTGTATGC	3.25779676786539	1.7115779507251
AGGATAATCAAGATAG	1.48136427578247	2.26800384357888
AGGATCTAGTATGATG	-1.23733153001091	1.34629639805042
AGGCCACTCAGCTAGT	0.615589245613158	-0.513458266797484
AGGCCACTCCCGAACG	2.41240779170073	-0.488962104802529
AGGCTGCAGTGATCGG	3.01317482141357	-0.876145395350208
AGGGAGTAGCTGTACT	0.335323036690919	1.7113692722104
AGGGAGTAGGTTAAAC	-1.70071591432481	-0.227675991831441
AGGGAGTCAGAGTAAT	1.06148440345098	-2.40844960912943
AGGGAGTGTCTGTGGC	1.52091606146447	2.97962210132845
AGGGCCTTCGACCAAT	-0.59499712922655	-0.341581633603907
AGGGCCTTCTGAGTCA	0.90031253861963	-2.09263467471452
AGGGCTCAGCTTGTTG	0.442205513103399	-1.49301810828868
AGGGCTCCATCGGTTA	0.214614193062655	-2.19476713915724
AGGGTCCCATCCGAGC	-3.03732447703192	-4.38029790619737
AGGGTGAAGAAGGTAG	-2.56339896442257	-3.38342354740991
AGGGTGACAACACGTT	4.32115581536598	1.60145073963105
AGGGTTTAGTGGTCAG	-2.22727102210061	0.507970119901875
AGGGTTTTCGTCTAAG	-0.0864247999128684	1.0888453443295
AGGTCATAGCCATTTG	-2.0019864123715	-4.39644718413546
AGGTCTAGTATCGGTT	1.33589982247043	1.63415505820154
AGGTTACTCTTTCAGT	1.28740570588196	-0.737529731870058
AGGTTGTAGCAGCAGT	-1.63494096868641	2.25779219911737
AGGTTGTGTACACTCA	0.591013507882383	0.849799784811114
AGTAACCAGAGGCTGT	-3.02582735630312	0.180586180240995
AGTAACCAGTAGCTCT	-2.32655059028372	-4.29922977954825
AGTACCATCCCGAGTG	3.03050294358757	1.60176826959867
AGTACTGTCTTGCAAG	1.50021560409811	-1.43745173799023
AGTAGCTGTTACCGTA	-0.0763660742059997	0.367735659935302
AGTAGCTTCGCATTGA	-1.50277080734279	-1.56173110942402
AGTAGTCCAAGCAATA	0.679995972835776	0.115266515297798
AGTCAACAGTTGGAAT	-0.636888866764147	-1.0783978070011
AGTCAACCAGGGCTTC	-2.69923023182197	-3.42812056729089
AGTCAACCAGTTCCAA	-0.333305350516685	3.19940484205949
AGTCAACGTTGGCCGT	2.57134552638127	-2.09569335078442
AGTCACAAGGGTATAT	-2.73952515083103	-4.19957770898696
AGTCACAGTCGTCATA	1.62858765089343	-1.54466801926988
AGTCACATCAAACCTG	-1.52386458016894	1.52856807247438
AGTCACATCGGTCACG	1.84664867411213	3.00965590034497
AGTCATGGTCGGCTAC	-0.736256563083498	2.84936642192479
AGTCTCCGTGTAGGAC	5.09191705833356	1.68274343962272
AGTCTCCTCACCGGTG	-2.08306107261695	1.77607472218844
AGTGACTAGGGAGGAC	-0.82166967064367	-0.647724358895125
AGTGACTCACTGTGAT	-0.90716234305903	-3.43696048192058
AGTGATCAGGAGTCTG	0.449763078506964	-1.65395323713321
AGTGATCCATGACAAA	1.06960857784671	1.8291075161201
AGTGATCCATGACAGG	-2.97605116282283	1.19063649195885
AGTGATCGTTCCGCTT	0.433523650493707	-2.66474756973391
AGTGTTGTCTCGGTCT	1.18209691572557	-1.94006754453506
AGTTCCCGTTCAATCG	-0.108415479694056	1.5822278347064
AGTTCCCTCCAGGACC	-1.26766393528913	3.79045664474663
AGTTCGACAGGGTTGA	0.630048317672559	-1.85224074114738
AGTTCGAGTCCAAAGG	0.6281311230088	2.06099651926715
AGTTCGATCACACGAT	-0.895321556682603	-1.16321184514656
ATACCGATCGCCATAA	2.62788391195705	-1.14253594952527
ATACCTTTCTCGCTCA	-0.663232185880241	-1.03209399852437
ATACTTCCAAGTGATA	1.35421744288281	-0.482304619588703
ATAGACCGTCACCGAC	4.12575311716277	-0.812906575559801
ATAGACCTCCAACCAA	-0.615618432815831	0.661109312502331
ATAGAGAGTAGATTGA	0.642193205775063	-1.6660888610891
ATAGAGAGTGGACCTC	4.08174527831512	-0.313361449987375
ATAGGCTCATAGGAGC	-1.79098156504496	0.303803804344403
ATATCCTAGAATTGCA	1.70765838472606	2.84669160243552
ATATCCTCAAGACGAC	-0.00926987028685344	0.537393064538665
ATATCCTGTATTTCGG	1.21287319582336	-0.360249135108841
ATATCCTGTCCTGAAT	4.14801683135038	-0.905539304709549
ATCACAGAGTTGAATG	2.03919813250507	-3.05556206127571
ATCACGAAGGAAAGTG	0.0701664043850019	-2.66724983432448
ATCACGACACGGGTAA	-2.07462810145327	1.59257425968706
ATCACGACACTAGGTT	-2.08314609272702	0.207424551086557
ATCACGACAGAGTCAG	-1.13600485189313	0.588507596373817
ATCACGAGTAGCGCCT	2.71241295594576	-1.31745741758792
ATCACTTAGGCTATCT	-2.44816579833411	1.25590739567795
ATCAGGTCACCTGTCT	1.34964454242185	-0.815094700017914
ATCAGGTTCTTACCGC	-1.03776894099488	-1.14671570589271
ATCCACCAGCGGTAAC	-2.54241632996453	1.42041030718468
ATCCACCCAGAAGTTA	-0.765754011513478	4.45428940565334
ATCCACCTCCGTCAAA	-1.26960367711032	0.709880797406412
ATCCACCTCGCTTGAA	-2.51570102221004	1.07300260176081
ATCCATTCACTGTGAT	1.58010931250533	-1.45595070661687
ATCCATTTCACTGATG	-2.84457017501175	-4.46129169109354
ATCCATTTCAGCACCG	3.96776595989029	1.01790819453879
ATCCCTGCAAGTCCAT	-3.36412848051453	-3.26860032970739
ATCCCTGGTCTCTCAC	-2.77947372669356	0.531921916343856
ATCCCTGTCGGCCCAA	-3.09391272970773	-4.1363858238423
ATCCGTCAGCTTACGT	-2.64267578908094	-4.23888843499484
ATCCGTCAGTTGCGCC	-1.42933924527736	0.691501428345163
ATCCGTCCAAACTAAG	-2.74620308556317	-4.0111044347849
ATCCGTCGTGTCATTG	0.15852894678774	-1.255623165202
ATCCGTCGTTTCGTGA	-0.902056336723331	-2.37314560200728
ATCGCCTAGCGACATG	2.78540284882256	-2.33959807620919
ATCGCCTAGTTACTCG	0.604118676777594	2.47432570376722
ATCGCCTCAAGTGGCA	1.3334087538245	-2.23323847952612
ATCGCCTCAAGTTGGG	-0.712797638858851	2.70770905253077
ATCGCCTTCATCGCTC	-2.52174044198371	0.264447657661852
ATCGGATAGTAAGGGA	1.32355042367928	-1.29283079032654
ATCGGCGAGGTAAGAG	1.34746091379506	-0.955533916996328
ATCGGCGGTTAGGACG	1.9426447140531	0.081978623999885
ATCGTCCCATGGGCAA	1.50104974566699	3.04961405399853
ATCGTCCGTTTCGACA	-0.167869260426693	-0.295221567012649
ATCGTGAAGTCTAACC	-2.18343755025489	0.906261477437708
ATCGTGACACAGTACT	-0.196131764225303	2.91165538051935
ATCTCTACAGCGACCT	1.0436331645344	-0.576291064052259
ATCTCTAGTGCTCTCT	-1.05065601921368	0.563616653583946
ATCTTCATCATACGGT	-1.8020159529855	-1.200312625706
ATGAAAGAGTGCTCAT	-2.35115453364461	-3.31029410984829
ATGAAAGGTCCGGATC	-0.394148950782755	1.21982795616435
ATGACCAAGTGCACCC	3.74599843917747	-1.07066363326756
ATGACCACATCGGAGA	-0.874133545329625	-1.53810620583109
ATGACCATCCGTCCTA	-3.61743629070885	1.64287663354575
ATGAGGGCATCATTTC	1.96640197993043	2.55493307399865
ATGAGGGTCAAGAAAC	-2.29173094269868	-0.31263037651595
ATGAGTCAGGGTGAAA	1.10263093939766	3.36101291979809
ATGATCGAGAGTTGCG	-1.16159541403244	-1.67700079363246
ATGCATGCAAATCCCA	-2.89802939058027	-4.08468122611868
ATGCATGCACCATTCC	-3.5397463714792	1.61852567917743
ATGCATGTCGACGCTG	0.485613983685805	1.07021008263499
ATGCCTCTCTGTCGCT	1.2998257214676	-0.214678725458723
ATGCGATTCGATGGAG	0.355387637633644	-1.8969487769868
ATGGATCAGTCCCAGC	-0.816617211293058	0.508372827209125
ATGGATCCAAATGATG	0.905893962359855	2.2077657289496
ATGGATCGTCGCATGC	-0.975710814487043	2.71083291940394
ATGGGAGCACTAGAGG	-1.79038466841657	1.44180980867585
ATGGGAGTCGTGTCAA	4.03217535817665	-0.44228905546756
ATGGGTTAGCACTTTG	2.07276255572504	-2.82511210598748
ATGGGTTGTAGTAAGT	1.10921997547529	2.54906324240117
ATGGGTTTCGCGGTAC	-1.85339756242788	0.487839905455536
ATGGTTGCAGAAGTTA	1.55125113740375	0.546416934846502
ATGTCCCCATGCCATA	-0.123407698314012	-1.70457938215112
ATGTCTTCAGGCGATA	0.283401731374228	3.01569997344314
ATGTCTTGTTCACCGG	-2.04806337009224	-0.886707779214685
ATGTCTTTCTACGGTA	1.74007728627886	2.57032056603157
ATTACTCTCAATGCAC	-2.34723628721802	-0.71732462239944
ATTCACTCACGCTTAA	1.88549254274969	-0.212142640034975
ATTCACTTCCACTAGA	4.86422929515111	1.55067533777552
ATTCAGGAGCTCATAC	-2.93263799117576	-3.34588798127823
ATTCAGGAGTCTTGGT	0.230293147670356	2.36782518051601
ATTCATCAGCTCGCAC	1.15940783120616	-1.56381226713134
ATTCATCTCGTTACCC	-1.22209199570139	-0.868161887786701
ATTCCATAGTCTACCA	2.47860967853962	-2.99918117180987
ATTCCATCATCTTTCA	0.04481645050081	3.32070537644544
ATTCCCGAGCGCCTTG	-0.626299147324368	1.61393249093421
ATTCGTTAGTATTGCC	-1.27208678006575	3.97411828021403
ATTCTACAGTATGAGT	1.62118309251501	2.47984195563458
ATTCTACGTGTTAACC	-1.92617637941928	2.22261571880775
ATTCTACGTTTCACAG	0.256616290545502	-0.269063954387825
ATTCTTGGTCACTCTC	0.854540198047526	0.300443205902873
ATTGGGTGTGTGTGGA	-1.00309889274031	-2.02449339768965
ATTGGGTTCCTAGCGG	-0.586577856520804	3.05761242316295
ATTTCACCAGCACACC	-1.29993149542727	0.542993789841698
ATTTCACGTACATACC	2.4679906899609	-0.822181070199357
ATTTCACGTTGCCATA	0.454762738941429	0.288530384588157
ATTTCACTCAATCCGA	-0.407322479399266	0.0618893570234986
ATTTCTGTCTCTGACC	-0.49399091064206	0.325947096737145
CAAAGAATCCCAATAG	1.40821668475382	-1.690624535927
CAACAACTCAGCAGAG	-2.32042378271443	1.12202131993339
CAACAGTCAACACAGG	-0.427551528084793	-2.64539757779352
CAACAGTCAGACAAGC	-1.01962358458474	-0.639359188738182
CAACAGTCAGCTCATA	1.46386059202272	2.57351841465725
CAACAGTGTATGTCTG	0.252045409168318	-1.93180908020913
CAACAGTGTTGCTAGT	-0.257622016757899	-0.345061429583028
CAACCAACAGCAGATG	1.86024347622154	-2.70303601508658
CAACCTCCAGAGGTTG	0.256062808074399	-2.91924846758175
CAACGATAGGAGGGTG	1.66959755167803	1.00171156220849
CAACGATAGTGGACTG	-3.14440387875303	-4.11603482919176
CAACGGCAGCAGCACA	0.721510351210105	0.920766307229451
CAACGGCAGGAGTCTG	-2.79862470767428	-4.40092668923969
CAACGGCGTATCGCTA	-0.222503422185468	2.65098820854833
CAAGACTGTTAGCTAC	-2.31446093122277	0.90775107912549
CAAGCTATCGTGCATA	-3.03309827111408	-0.320188373737041
CAATACGTCCCAAGCG	-0.471743462867113	-1.6255036155157
CAATACGTCGGTATGT	2.21373312434267	0.45051222714312
CAATCGATCAACCCGG	-0.0728561804116694	1.15751323880982
CAATCGATCTGAGTCA	-0.634789013268666	1.31854680301676
CACAACAAGCTGAGCA	-0.150567613204239	0.826033172796294
CACACAAAGAGAGCCT	1.905008703777	-1.81462952328545
CACACAACACGCAAAG	-0.562580726295967	-0.638694034105967
CACAGGCTCGAACTCA	-1.16978785027352	0.846461711646511
CACAGGCTCGTTAGTG	3.25030666958429	-1.00300770156667
CACATGACAACTGAAA	-1.54055279035171	0.924479954799752
CACCAAAAGCTCACTA	-1.37168089507397	3.63367377860735
CACCAAAAGTTGCGCC	-1.03911955358538	-0.788424297182378
CACCAAATCCTAGCGG	-0.233809608368813	2.66159510163865
CACCAAATCGTTACCC	-0.529859527324282	-1.19988896765807
CACCGTTCACAAGTTC	3.01436048530028	1.55305999124876
CACCGTTGTAAGTTGA	2.0017412046917	-2.68747561656466
CACCGTTGTGTTTGCA	0.173206586364939	-2.26664353867133
CACGAATGTTCGCGTG	-2.66203321463694	-4.23844008638661
CACGGGTCAAAGAACT	-2.53358394114952	-0.144839833118517
CACGGGTCAATGGCCC	-3.18344445119264	1.42661012682267
CACGGGTTCCTCTAAT	1.41143678926619	-1.28233923742662
CACGGGTTCTAGCCTC	-0.865079719271157	-1.05730285525684
CACGTGGTCATTCGGA	2.15352464676456	2.3523435877429
CACTGAAAGAACAAGG	-1.26791007825087	-1.86104441582278
CACTGAAAGGATGAGA	0.170078186853377	-1.06697879496739
CACTGAATCGCTTAAG	-1.62488061704284	-2.54618576081936
CACTGGGAGTTGAAAC	1.94174794460878	-1.89115289125226
CACTGGGTCAGCTTGA	-2.42028133869841	-4.42886076655081
CACTGTCAGCAGGGAG	1.24582127582673	3.04816298385407
CACTGTCCAGGCTTGC	1.84351867662965	0.292337607290419
CACTTCGTCACTACTT	-0.487347751967898	3.31417483648821
CAGAGCCAGTAGTCTC	-2.74803218568734	-0.00277970047625242
CAGAGCCCAGAAGCTG	1.59508695518382	-0.0903175818978328
CAGAGCCCATACGCAT	0.982950726314317	1.67068623455736
CAGAGCCGTTAGTCGT	-3.77889240195739	1.72370951845315
CAGATCATCGGCATTA	0.186620682049393	-2.40535440898645
CAGATTGAGTACGTCT	0.466276575188116	-1.59940643999896
CAGATTGTCCCGAAAT	-2.17587036687275	-0.220717697354221
CAGCAATAGACCAACG	-1.99190927883968	1.44835778086729
CAGCAATCAAGTTCGT	0.0193280262957218	1.47735576252184
CAGCAATCAGCATACT	-0.596507596003949	-0.037890724504253
CAGCAGCAGATGAAGG	1.2288490538387	-2.85142280732707
CAGCAGCAGTGCGCTC	-1.06134970566261	1.7566357545054
CAGCAGCCACAGAAGC	-2.3839209273033	0.331155807503951
CAGCCAGAGGAAGTCC	0.13850608967706	2.56689247229605
CAGCGTGTCGACCCAG	2.57483019162973	-1.86535142022719
CAGGCCAGTAAGTTGA	2.63493830204921	1.05389278048977
CAGGCCAGTTGGATCT	0.51110778596205	1.44205227805531
CAGGGCTAGCTCCCTT	-0.780413512527693	-1.53672866138661
CAGGGCTTCGGTAGGA	-3.59878594893693	1.49217739740215
CAGGGCTTCTGGGCAC	-2.36182758880514	1.8873481322686
CAGGTATAGTCATGCT	1.16684396096504	0.752858375348937
CAGGTATCAACCGCTG	-2.53205089437581	-3.90178086292523
CAGTTAGTCAACCGAT	-1.58442849213364	-4.19457159366838
CAGTTCCGTGAATGAT	-1.42023132458026	1.21406490679158
CATAAGCTCGGTCTAA	0.572457420123002	-2.61813898002359
CATACAGCACAATGCT	-0.177982707785552	-0.453476091817259
CATACCCCAACTACGT	-3.45771162020077	0.986347665228774
CATACCCCAGCACCCA	-1.1112875546656	-0.1312398820124
CATACCCTCCATAGGT	-3.11008613023105	0.0895288334732616
CATACTTGTACTCCGG	-0.633613557380175	0.29229096578477
CATAGACTCCTAGCGG	0.843433426880746	-0.807682571993635
CATCAAGCACAATGCT	1.09747997471913	0.136507239892945
CATCAAGCACTACAGT	-2.70009035742252	0.413757964575661
CATCCCAGTCATCACA	-2.81856776694276	-0.593638052538251
CATCCCATCGGTCGAC	-1.43518931926026	2.41945836718863
CATCCGTCAGTCGCAC	1.41742076507112	-2.02587494749624
CATCGCTAGAAGTGTT	2.50148259895342	2.42916040628504
CATCGCTAGGGTGAGG	-0.0169082306166923	-1.41193072445089
CATCGCTGTAAGGCTG	0.620092484031406	-2.64937929649631
CATCGGGAGAAGGTAG	3.43487500143832	-1.02550261838465
CATCGGGTCTCGGCTT	0.173297242516981	-0.723190327414421
CATCGTCAGCATGGGT	3.97238498387533	-0.771123927926155
CATCGTCGTCTTCAAG	-2.96497871598639	-4.14573194308913
CATGAGTAGCATCGAG	-0.0645272160852781	0.961533874544473
CATGAGTTCTACGGGC	1.01651642824064	3.25602160182731
CATGCAACACAGCATT	0.0686882291634574	1.67581494050741
CATGCAAGTCCCACGA	-3.08035049518733	-4.17106961794628
CATGCCTAGACGGTCA	-0.325437789758739	-1.65036024065838
CATGCCTCACTCACTC	-0.918233507247877	-0.185223416789105
CATGCCTCAGGAGGTT	-3.04641684914034	-3.65346344589024
CATGCCTGTAACGCGA	0.145440594094813	-2.44735620459132
CATGCGGTCTACTTCA	-2.13706078536559	-4.48125682905049
CATGGATAGAGCCCAA	-1.07998940689008	-1.74024304387558
CATGGATTCATAGACC	1.3501181670379	2.10761986761217
CATGGTACACTTTATC	2.17079282105886	-0.0527653342897612
CATTCATAGTAGCCAG	-1.1741716707259	3.87925709006241
CATTCCGAGGTCGTAG	-0.870075348640437	1.20420565432079
CATTCCGGTGCCTATA	-2.44751441386302	-0.253098803829852
CATTCCGGTGGAAGTC	-0.161272044413526	3.52941600833624
CATTCCGTCCAAATGC	1.58719017872806	0.473132090929804
CATTGCCCAAGATTGA	-0.0210195591265503	-1.94662882929313
CATTGTTAGACGGTTG	3.4293169591303	1.81565313169573
CATTGTTAGGGTAATT	0.730955948834984	3.38301507399328
CATTGTTCACACGGAA	-2.83854977525105	0.0538554460677583
CATTGTTCACCAGCCA	4.66640883838252	1.32227819283801
CATTGTTGTGACAGGT	-2.68801268828608	-4.21906255883419
CATTGTTTCGTCCTCA	-2.1105470372353	1.41262663120063
CATTTCACACCAGTAT	-3.56107099453693	1.61304058384417
CCAATGAAGGCTCTCG	-0.771321287135244	1.98709610785351
CCACAAAAGAATAGTC	1.66554389312192	-0.791662743907325
CCACCATCAATTGTGC	4.04744245558526	-1.7291895227239
CCACGAGAGTAATTGG	-1.38798113843823	-0.465833024740747
CCACGAGTCCCTAGGG	-0.0535295904793451	-0.829764276543418
CCACGTTAGGACTAAT	-3.15790906971167	0.74970377887732
CCACGTTGTAGCCCTG	-1.30142364089915	1.70758207874983
CCACGTTGTTGTGCCG	-2.62894678889351	-0.622144846081347
CCACGTTTCATCTGTT	-1.61248069929285	-0.388087823943087
CCACTTGGTCAGATTC	1.76230619772673	0.585890654494827
CCATAAGGTTGCCGAC	1.47204332655948	-0.117643124801805
CCATAAGTCCACAGGC	-3.0454433457716	-0.0196872172786975
CCATAAGTCGTTCCTG	-1.48925905471922	-0.888592630113694
CCATAAGTCTCAGGCG	-1.82672751188269	2.49540335788418
CCATCACCATACGCAT	4.04809979448214	-1.3198902658473
CCCAACTTCTGCGAGC	-2.62719585371273	-4.31052333347115
CCCATTGAGCATACTC	0.33273005674816	-1.05689566284812
CCCGGAAAGGCTCAAG	-0.207964567234202	-1.91532266956048
CCCGGAAAGTCTCCTC	1.331995291855	2.31508215503801
CCCGGAACACTCAGAT	-1.42390374482118	0.0873563206780705
CCCGGAAGTGTCATCA	-1.42664963151586	2.10045850899855
CCCTAACTCTCAGTCC	-0.281039292592372	-0.716576693220175
CCCTCAAAGCAGTCTT	-2.55248843901788	-0.101631038090447
CCCTCAATCGGTTAGT	4.7412311384051	1.27639754440107
CCCTCTCAGTTGCGAG	-3.67876569179264	1.66945932891455
CCCTGATCATTCTCTA	-2.63100952303373	-0.468616747465248
CCCTGATGTCATAACC	-3.45143684099462	-3.72467502533178
CCCTGATGTCCTGGGT	4.29105748089283	1.38571001621275
CCCTTAGAGTTCACTG	-2.22385525451717	0.129808155098869
CCCTTAGCAGCGTTTA	3.058773754711	-0.710780978693085
CCCTTAGGTACACGCC	-3.49004742005871	1.62987900409875
CCCTTAGTCAAACGAA	-0.746562618964924	-1.23063783790823
CCGATCTCAGGATTCT	4.7807079810188	1.35758083054036
CCGATCTGTGCCGTTG	-2.69811431474339	-0.420013724219713
CCGATCTTCAGTGATC	-0.365589867302925	2.42726823784366
CCGATGGCATCTTTCA	-2.11806987532362	2.3101417017041
CCGCAAGAGTGTTGAA	-2.51000808072697	-3.31859941945698
CCGGACACAGGTGTGA	-3.7360075087044	1.57975715429156
CCGGACACAGTGTGGA	-0.930022129301459	0.707532860689454
CCGGACATCAAAGAAC	1.52048980884339	-2.37930013954861
CCGGACATCATTGCGA	2.81330558361974	1.85831418627496
CCGGGTAAGGGAGGCA	3.20441429835664	0.94017853441507
CCGGGTACAGTTAGGG	-0.762982171319016	0.528051372002305
CCGGGTATCTGCCCTA	0.638071903460712	-2.00557166568651
CCGGTAGAGGATGGCT	-1.26901240910538	2.73043568761691
CCGGTGACACACCAGC	1.18574059965409	2.47319220561191
CCGGTGACAGAGTTCT	-1.04487428013192	-0.113678997564389
CCGGTGATCATCCTGC	0.805524135530969	3.20209213253005
CCGTGAGTCATTACTC	-3.4965671890709	1.82530841428917
CCGTGAGTCCATCGTC	-2.5976588210467	0.344557802164801
CCGTTCACACACTTAG	-2.24348475759295	2.1220532327039
CCGTTCAGTTCGAACT	5.28154608203093	2.14436803197812
CCGTTCATCAACCGAT	-1.39955321721905	0.153684125688387
CCTAACCCAATGTGGG	-0.983314845367284	-1.08349535094996
CCTAACCTCACTGATG	0.890103119829345	1.62340463901465
CCTAAGAAGTCACGCC	1.49870299246056	1.33627989534082
CCTAAGACATGGAGAC	-0.774262883606025	3.41053267693362
CCTACGTAGCACGTCC	3.85594662986426	-1.42428281629377
CCTACGTAGGCCTTCG	-0.107187567616774	-2.00202414811821
CCTACGTCAATCTCTT	-0.357297644455267	-1.10154268833503
CCTACGTCACGCAAAG	-0.482426665129891	-0.318718165012587
CCTACGTCATCGTGGC	1.29562758822346	-1.49686326015491
CCTACGTCATCTAACG	1.72985860350267	-3.17565868331107
CCTATCGAGCTAGCCC	-2.73596092277444	0.437570622698908
CCTATCGTCCATATGG	2.13472093077482	-2.41041605682659
CCTCAACCAAGCCCAC	-2.32584672320467	0.898305796600752
CCTCAACCACCCTCTA	1.32536948089912	2.83030090170669
CCTCAACCAGGCTACC	-2.47755578626648	0.458617431898677
CCTCAACGTCTGCCTT	1.84938090105842	0.303589562502748
CCTCACAAGCTGGAGT	-1.19558597841168	2.95770156339102
CCTCACAGTATCCTTT	0.355240589530643	2.82119554500676
CCTCACAGTCCTCCTA	0.0751583195914587	-0.506201325238923
CCTCACATCTAACACG	0.428414244973051	-0.919451576267319
CCTCAGTTCTAAGAAG	0.930937439094655	3.13256243064062
CCTCATGCAAATGAAC	1.03387544760312	3.26835207302806
CCTCCAACATGACGTT	0.576640760430573	0.888686467214059
CCTCCAATCAAAGACA	0.328889829657874	0.875093793577517
CCTCCTCTCCTACGAA	-2.71117324529418	0.455541395126589
CCTCTAGCAATTCGTG	2.33910995060941	-2.86279260147779
CCTCTAGGTACACTCA	0.342564392284855	-0.434367058418569
CCTCTAGGTCCTGGGT	-3.0593477936147	0.687426631131017
CCTCTCCCAGCGTGAA	-2.31751206827887	1.09126799996761
CCTCTCCGTCCGGTGT	-0.777047271092308	0.588135382397061
CCTCTCCTCATGCCCT	2.48151853690633	-0.955243192363486
CCTGTTGGTCATACCA	-1.12135485972302	2.78152209824279
CCTTCAGCAGGGATAC	-1.05080152058074	-0.962793394398344
CCTTCAGGTCGTATTG	0.0391571665507633	-2.36065288150485
CCTTCAGGTGTCCGGT	-0.384089668851029	0.0190788036971501
CCTTTGGAGTGATGGC	1.24510010979586	1.79984539526223
CCTTTGGCAGAACGCA	-1.55026541276638	1.42888827187903
CCTTTGGGTTAGCGGA	0.815698322161332	1.07459193423297
CCTTTGGTCGCAGATT	1.18313690398646	-0.796139569600171
CCTTTGGTCTAACACG	0.762729626992356	-1.58644154985135
CGAAGGAAGCGCCGTT	3.57242612453924	-0.728416935767749
CGAAGGAGTTCGGCCA	-1.40148559527952	2.70942103603412
CGAAGGATCACCTGTC	-1.77419514003806	1.16122945801549
CGAAGGATCATTCGTT	-2.23906666075194	0.071481330910224
CGAATTGAGAATCCCT	0.891987924108953	0.210804143775762
CGAATTGAGACGCCCT	-3.12043447700073	1.40500839768356
CGAATTGCAACTGATC	-1.11888972269906	0.0847663288547631
CGAATTGCAAGCGCAA	0.0827790876037366	-2.2388462198239
CGAATTGGTCGATTCA	-2.49936641758911	-2.01270981000955
CGACAGCAGCGTGCCT	-1.19421200992032	4.02126728325276
CGACAGCAGGTGATAT	-1.12944887366472	3.88307994836062
CGACAGCAGTTGGGAC	-1.41104952148687	1.10067874687029
CGAGAAGCAGCGTGAA	0.222329817016615	-1.76251333670278
CGAGGAAGTTACCCAA	-1.3975163857322	0.762761648539058
CGAGGAATCGTCGATA	1.30846308278074	-1.85050193820595
CGAGGCTGTAAGCTCT	0.558508773176907	2.96635894962603
CGAGGCTGTGTCCCTT	2.8233324286851	-0.351154828737312
CGAGTGCTCCGTGTAA	1.56070258174695	1.13149572295506
CGAGTTAAGACCGCCT	-2.31745073092794	-2.56374410550398
CGAGTTAGTCATCCCT	0.624207977560524	3.79276862787862
CGAGTTATCAACGAGG	-1.92874989595017	-1.36645091006895
CGATCGGAGCAAACAT	-0.504618534457549	2.31456186011206
CGATCGGCAGCGGTCT	-0.686591645724236	2.62672694395996
CGATCGGCAGGCTCTG	1.81395056724178	-0.71920941953826
CGATCGGTCTTGCGCT	2.7069306860574	0.575186581167165
CGATGCGCACGACTAT	-0.129099208765326	-1.93558354197959
CGATGGCCATGTGGCC	0.946418833550104	3.3573282325992
CGATGGCTCCAATCTT	0.958953565684769	2.57915223184893
CGCAGGTAGCGCCTCA	0.200293838459139	-1.10665333773679
CGCAGGTAGGTACCTT	0.90386923399015	3.03838128667854
CGCCAGACAGATCATC	2.00046481512684	-0.98046389986907
CGCCAGAGTTCAAGTC	1.79969148489152	-3.03891958547534
CGCCATTCAACGGTAG	0.561895363444762	-2.2511947592162
CGCCATTCAGGTGTGA	0.846009846388033	-1.01359797267654
CGCCATTGTGATACTC	0.235195209488662	3.46008582394923
CGCCATTTCAAGCCTA	1.82562694227963	2.49330659094691
CGCGTGAAGGCTCACC	-2.35451946864805	0.769086105016676
CGCGTGACATACCATG	4.41762910468835	1.18767378066562
CGGAACCGTACGCTTA	-1.80356306345697	1.60297011382929
CGGAACCTCAACACCA	0.0851159466423534	2.90219068931294
CGGAACCTCGCTTGCT	-3.02984388266156	-3.39652017391004
CGGAATTCAAACACGG	1.52235767210147	-2.97417885691987
CGGAATTTCTTCCTAA	-0.138110032864544	-0.856199373746847
CGGACACAGCCTGGAA	-1.12029772434239	-1.0713672557677
CGGACACCATACCATG	0.444097603704119	1.79530289213259
CGGAGAAAGGGCAAGG	1.22319942376932	1.64291108356176
CGGAGAAAGTAGAGTT	-0.660658145748721	3.71056093153607
CGGAGAACAAATAGCA	0.25013851742759	-2.18822799285663
CGGAGAATCTCAATCT	1.02593300059839	-2.70116132918707
CGGCAGTCAGCATTGT	1.89740394722812	1.65519957797859
CGGCAGTTCTACTATC	-0.273844605646253	2.30025521820825
CGGGCATAGAAGCGCT	0.00287916873967653	1.84582480703045
CGGGCATGTGTGACCC	5.10881944974914	2.09972527032135
CGGGCATTCGCCAATA	2.03863150072971	0.944106184702877
CGGGTCAAGCTAGATA	-0.75712777067774	2.8194873157809
CGGGTCATCTCTATGT	1.96651900659891	-3.19649574179877
CGGGTGTCACTACCCT	1.57965388201257	0.918977596240186
CGGGTGTGTGTACGCC	-3.49245250118485	1.81851012943549
CGGTCAGAGACTAGAT	-0.94834078262878	-1.56746296623173
CGGTCAGGTGAGTGAC	-2.82206057518743	-0.303726787178696
CGTAATGTCCTCACTG	-0.0675966734601454	-0.447354769846063
CGTAATGTCCTTGACC	-1.89664420951762	0.701086284393739
CGTAGTAGTGTCCGTG	3.7943223383711	2.18666216935382
CGTCAAACATCTAGAC	1.73386080239172	-1.33860665646758
CGTCCATCACGTGTGC	-0.148483843700119	-2.67386019375604
CGTCCATCACTCTAGA	0.950314006544127	-2.46776552333543
CGTCCATCAGCACGAA	-1.51966002219001	3.38841299930671
CGTGAATAGAGAGCAA	0.127485137149966	-2.44907389208423
CGTGAATAGGGCCCTT	-1.11643463463246	3.18866086769065
CGTGAATCATTCCTCG	-0.0892755657512239	2.29180987746043
CGTGAATGTATCATGC	5.05158187359173	1.69960324506005
CGTGATACAATTGCTG	-0.526932711573518	-1.65222885013538
CGTGATACACAATCTG	-0.935222721547047	2.41803986189927
CGTGATACATACACCA	-1.30416291598402	-1.73529054250556
CGTGATATCCTCAGGG	2.4888340663638	0.0608092919448078
CGTGCTTAGAATTGTG	4.54877188742515	1.80718659385084
CGTGCTTAGAGGCCAT	-2.48169313185653	-4.15029048405639
CGTGCTTAGCCTGTGC	-3.25431599935467	0.129736535636352
CGTGCTTTCTTGAGCA	-0.544784505377096	-0.591966072965215
CGTGTCTGTCTCGACG	-1.51417139111765	-1.3274911829184
CGTGTCTGTGATATAG	0.499041817294361	-0.473197910629737
CGTTAGACATCCGTGG	0.247461301906588	1.55750761237873
CGTTAGAGTCGTTCAA	-0.956165168967491	-2.19226373290706
CGTTCTGAGCGCTGAA	2.29810626880704	-0.265299155281251
CGTTGGGGTCTGTTAG	2.19926761694628	-1.42653991080866
CGTTGGGGTGACACGA	-1.46002576628367	2.3609289349395
CTAACTTGTTCTCTCG	-1.98544858633587	0.921947125144226
CTAACTTTCTCATAGG	-0.735257635533515	-0.298741396472647
CTACATTCATCTCGTC	-1.68992153372631	0.756601723879291
CTACATTCATGGGCAA	2.91279899579445	-1.40825392278128
CTACATTGTACGCTAT	2.29033218091068	2.75822170248443
CTACGGGAGCCATGCC	-1.18406966466531	0.375482706293832
CTACGGGGTGGGTCAA	4.48151250757416	1.05218953602886
CTACTATAGTGCGTCC	-0.240141447623081	3.34591834427113
CTACTATTCCCGTTGT	0.84635879428881	-1.01900746829702
CTACTATTCCGTGTAA	-1.52161903424579	1.27360275886912
CTACTATTCGCTGCGA	-2.45564383051568	-0.695372746827361
CTAGACAAGTTGTCAC	4.09515204993464	-1.28656926795493
CTATAGGTCGCTCCTA	0.945828113662847	-2.77792528237835
CTATCCGGTCTCCTGT	-2.26172507663212	-0.83951884982398
CTATCCGGTTTCAGAC	-2.98127871998369	1.08614521470694
CTATCTACAGTCTGGC	-1.49132884185423	0.824409819712058
CTCAACCCACAGTGTT	-0.811842378339804	0.0189625563338627
CTCAACCCATCAACCA	-1.81685477495292	2.29424121323037
CTCAACCCATGGGTCC	-2.49306869188048	1.90103523109318
CTCAAGACATTCATCT	-0.668214046219795	0.50513078975796
CTCAATTAGTGTAGTA	0.465605282886857	0.231086714824937
CTCACTGAGCAACCAG	3.96635302208854	1.97781541383341
CTCACTGAGCTACTGT	-1.536190891319	2.84878006450098
CTCACTGGTGCTCCGA	-0.269362951347484	3.69169063307581
CTCACTGTCAGTGTCA	-0.151075338749479	1.79791393431991
CTCACTGTCGTAGTCA	1.88680283273507	-2.80983997089667
CTCAGAAGTACATACC	3.64567584123117	1.83557582918186
CTCAGAATCGGCTCTT	-0.942403763154187	2.76178660438557
CTCAGGGGTGGGTCAA	1.27393767368093	-2.63055345387226
CTCAGGGTCCATGATG	-0.528871169744722	-2.34074770648249
CTCAGTCCAGTTGCGC	-0.549281267567149	1.66714620520491
CTCAGTCTCATGGCCG	1.06639008194951	2.32298233695705
CTCATCGAGGTAATCA	0.77509651761973	2.77633718570255
CTCATCGCACGCTGCA	-3.62666642879261	1.65601918430401
CTCATGCGTCTTTCTA	2.39674218345654	-2.90004700850854
CTCATGCGTTCCGCGA	-2.18755220634159	-0.969732503642732
CTCATTAAGATTAGAC	4.07101121045145	2.09427001851073
CTCATTAAGCAACTCT	-2.64465643730333	-4.15237321978386
CTCATTACAGTAGAAT	-3.24628805399693	-3.85131750136466
CTCATTATCGAGAACG	3.43935725658387	1.79477700024183
CTCCAACAGGCTCACC	2.97224017270804	-1.00693962501812
CTCCACACAACTTGGT	-1.08162398951643	0.959822774004712
CTCCACAGTCGAATGG	-3.2166130782268	-4.06107097871183
CTCCACAGTGAATTGA	-3.03642689582951	1.51066797576867
CTCCACATCACCTCAC	4.03457957812441	1.21183721135167
CTCCATGGTCGGAACA	-2.24815264258319	-0.472210829205974
CTCCCAAAGGTCTACT	1.05996088480396	0.0864368130286248
CTCCCAACAATTGCTG	0.097663505319455	3.64774045085072
CTCCCAATCCTATTGT	0.72139355907701	-1.26191065071162
CTCCCTCAGTATGATG	-3.04323221706653	-4.30929628247161
CTCCCTCCACTTTATC	-1.44762600049905	2.29212935515497
CTCCGATAGCGCTGCT	-1.11164071462188	0.433073761380411
CTCCGATAGTGATCGG	1.13397058349642	0.700595904927479
CTCCGATTCGACGTCG	-0.498303853020864	1.23664281448946
CTCCTCCGTAACCCGC	-0.609392701823017	0.175668178811949
CTCCTTTAGTCTGGAG	4.22257464983576	1.38706858738061
CTCCTTTCACCCTAGG	-0.130428159294623	2.0322478253416
CTCCTTTTCGCCCAGA	-3.07062283273896	-3.46284561437637
CTCGAGGTCCACAGCG	-1.74329065152187	-0.430027919714503
CTCTCAGCAGCGGTTC	-0.546530772097231	-0.782591155272819
CTCTCGACACCCAACG	-1.6552277803016	1.14213898719468
CTCTCGAGTGAACCGA	5.14474209293448	2.16737330943842
CTCTGGTCAGCGTACC	-0.391722163569895	2.79240560193213
CTCTGGTCATGAGGGT	5.24918864312257	2.13529150803671
CTCTGGTGTCAGTTTG	1.64333375315519	2.82271615849227
CTCTGGTTCTAAACGC	-1.04694962152986	1.59168872207988
CTGAATGAGTGGAATT	1.25541611425045	-0.303574406019473
CTGAATGGTTGTGTAC	-0.0155513669723586	-1.36203688421441
CTGAGGCAGTGATAAC	2.22697511401036	2.51827988537726
CTGAGGCGTGATGGCA	3.81454990016886	-1.21148804269016
CTGATCCGTGTTTACG	-0.388413558363036	-2.40085362295169
CTGCATCAGACTGAGC	-2.29342426203522	0.0102133865303813
CTGCATCCAGTTAAAG	-0.513034934583707	-2.38763416909816
CTGCCTACAGAAGCTG	2.1342268803456	2.79596066143247
CTGCGAGAGAAATCCA	-3.50465805139329	1.70284727266738
CTGCGAGCACAGGATG	-0.213583441113311	1.22096415788441
CTGCTCATCTTCGTAT	1.71887073682856	1.90991746419086
CTGGACGCATGTGACT	0.18067280296605	2.36520348282173
CTGGCAGCAAGACCTT	-1.69080828341943	-0.888556572763254
CTGGTCTAGCACCGAA	0.939540157727459	0.372014263267586
CTGGTCTAGGGCAGAG	-0.454132679579082	1.85658298705819
CTGGTCTTCTTTGATC	-0.270231480768654	-1.53598058978633
CTGTACCAGACCAACG	-1.92037550215038	0.164621337774371
CTGTAGAAGCTAAACA	0.761930029263196	-1.69318333719299
CTGTAGAAGGAACGCT	-1.59890130066785	-0.854118792513272
CTGTAGACAGACCTGC	0.0810101730483694	0.74686303769384
CTGTAGATCCTCGCAT	-1.68626803687983	0.772929708973513
CTGTATTAGTCGGCCT	0.575852980488004	1.65682452712525
CTGTATTCAAGGCGTA	1.65626572500001	-1.99152468020354
CTGTGAACATAGATGA	0.465974806554686	-1.10309667343369
CTTAGGAAGTAGAGTT	-1.74008080614349	-0.514255052343164
CTTAGGACAGTTACCA	0.198155725770677	0.715198115536448
CTTAGGAGTCGTTGGC	0.675488757373532	1.39095738656774
CTTCAATGTTAGGCCC	-1.02317752096431	1.77527353173422
CTTCCGAAGGGATCGT	-1.76629148875787	-0.545629820270247
CTTCCGAAGGTCACCC	-1.30462632292288	3.66613784512827
CTTCCTTAGCTGACAG	-1.60507964458415	0.537417111011029
CTTCCTTAGTGCACCC	0.486625819064794	2.69092958642021
CTTCCTTTCAAGCTTG	0.464406242954843	2.02804898044861
CTTCCTTTCCCTGTTG	0.139727498832851	0.757701799813596
CTTCCTTTCTACCTTA	-0.187321567719382	3.57244136237391
CTTCCTTTCTTTCAGT	-0.373511508859298	-1.84087707196634
CTTCGGTCACGCCACA	-0.685650756103923	-1.95634383606255
CTTCGGTCAGGCATGA	-0.5815008393821	1.93455988352698
CTTCGGTCAGTCCCGA	2.20514741486037	-3.05310681806279
CTTCGGTGTACCTAAC	4.79226493364843	1.45390143825896
CTTCTAACACGGTGCT	-3.33429825588699	-3.35496195392635
CTTCTAAGTTCCACGG	-1.82644000538042	0.274574254833195
CTTCTCTAGGACCCAA	0.666197757764383	-1.29396052708509
CTTCTCTAGGTTCACT	-0.974568528564602	0.228626048125829
CTTGAGAGTATCAGGG	0.910067384001012	-1.47467268300504
CTTGAGAGTCTTTCTA	1.82403629551514	-2.96373873839317
CTTGATTCATTACTCT	-3.07508177704548	-3.4874344608823
CTTTCAAAGGTTCAGG	-1.75992832168546	-1.57917057980231
CTTTCAACAGCAGTCC	-2.53233731143398	0.432355744724215
GAAACCTAGGCAGGTT	0.598136901234521	-2.36324603905867
GAAACCTTCTCTAGGA	3.94794747920221	-1.2139470897412
GAACACTCACCAGACC	1.51012497021737	-0.501114610161763
GAACACTGTCGCATGC	-2.11542555780913	0.0456253235163047
GAACACTTCAAGGACG	-0.885168919402347	0.139441135978054
GAACACTTCTTTGCGC	-2.83548947586749	-0.0943755808309099
GAACGTTCATGGTACT	-0.685145109739092	-0.747210673609129
GAACTGTAGGTCATCT	0.426476937383888	0.39270489526935
GAACTGTTCATTGTGG	1.27884253639222	-2.14003281912988
GAAGAATTCACTGGGC	0.305973209571369	-0.90788290615982
GAAGCCCTCGTTCTCG	0.079411503633068	2.00301781759018
GAAGGACCAGTGCCTG	1.53151157837546	1.33508382032801
GAAGGACGTGTATACC	2.11805162285104	0.162654980153452
GAAGGACTCGTGAGAG	-0.0173794754794345	1.85261734779757
GAAGGGTAGGCTTCCG	3.12320074998883	2.28584218559403
GAAGTAATCATGGATC	0.798333944214176	2.53368806451936
GAAGTAATCTAAGCGT	0.945071402728717	2.24683295533143
GAATAGAAGATTGATG	-2.42372900137561	-0.879348870850335
GAATAGATCATCTGTT	0.936112575889116	3.33728604527923
GAATAGATCGCATGAT	1.72468861941627	2.40840018206513
GAATCACCACTCAGAT	-0.353816088467556	0.422046191283393
GAATCGTGTCCCACGA	-3.49818513340328	1.78961508184232
GACACGCCAAATACGA	-2.51844415118783	-4.1827923007419
GACACGCGTTCGAAGG	1.49836855311259	2.05702826495757
GACACGCTCGATACAC	-0.394775295478033	-0.690990845443825
GACAGCCAGCGACTAG	-0.102734839594582	2.82650474006181
GACAGCCCAAGTGACG	-0.600920834618905	3.81437980570489
GACAGCCCACGCTGTG	-1.037730881732	-0.892397625748047
GACCAATCATGACTCA	1.15089138257231	3.16592905844054
GACCAATTCACTGGTA	-2.49797789576708	-4.48670434725588
GACCAATTCATGCGGC	1.92612032351332	-1.3169649379516
GACCCAGCAATGCAAA	1.45748914867055	-1.68135204444177
GACCCAGGTATTTCTC	-0.68255566684714	2.05220528375861
GACCCAGTCCACTTCG	1.80386432344744	0.343984023168866
GACCCTTGTGCGAACA	-1.87786929497166	2.22436191407769
GACCCTTGTGGTTTAC	-0.532648713863425	-2.42136666883739
GACCGTGGTAGAGATT	1.67916284867398	1.57382197253521
GACCGTGGTGTGACCC	-2.71086005985801	-4.42437885563286
GACCTTCGTGCTCCGA	0.944463608054532	-1.51115195769654
GACCTTCGTTCAGTAC	2.53392673992206	-2.95765409403547
GACCTTCTCTGGCCAG	3.89499951496919	-1.84383996265355
GACGCTGCAAGTGATA	-1.40482846456715	-0.249982546539984
GACGCTGGTCACCACG	1.36837067650305	-1.72038450296786
GACGCTGGTCATACCA	-0.828010523896482	-1.20383120805658
GACGCTGGTTTGTTGG	-2.50473601906656	-0.105997805479235
GACGTTAAGCTGCCTG	-1.51047240524675	-0.854780965906064
GACGTTACAAAGCTCT	-0.893428598932717	3.9840081162735
GACGTTATCTAGGAAA	2.55378992422336	-0.793908310644818
GACTATGCACCATTCC	2.52132567527447	-0.80732422215476
GACTCAATCGATGCTA	-1.16640043506379	3.54056786727457
GACTGATCATAAGCGG	-2.3964516535704	-3.78352691692936
GACTTCCGTTCCACGG	-1.93977514600501	-0.140090587890115
GAGAAATCACGTTGGC	-1.00434583029472	2.90310493629817
GAGAAATCATGACACT	-0.97545566625395	0.0562605988172855
GAGACCCCAATTGCGT	-0.883408505536742	2.90044439811469
GAGACTTAGTTATGGA	0.0838073387205096	-2.80365584432875
GAGATGGGTAAGAACT	3.77560405548778	-0.735101677837768
GAGATGGGTCGTATGT	5.09214087163146	2.15658750489583
GAGATGGGTTTCGTGA	-1.78800847960571	0.96208520183557
GAGCCTGAGTAGGGTC	-2.04556786738192	-0.322096864108642
GAGCCTGGTGTCATCA	-2.1470042195919	1.59043090977768
GAGCCTGGTTTACCTT	-1.30974759652492	3.77809725768342
GAGCCTGTCAGAATAG	2.20077772961898	2.89147055074198
GAGCTGCAGAAACTCA	-2.26437897915865	1.12573941705007
GAGCTGCGTCGCATGC	0.250507449266173	-2.43407106097375
GAGCTGCTCGCACGAC	0.426719365631904	3.31587452908101
GAGGCAAAGCATGTTC	2.71709319408278	1.85667784266685
GAGGCCTAGATGGCGT	-1.19841475290129	2.30936913479361
GAGGCCTCAACAACAA	-0.350945807616415	3.93452233592259
GAGGCCTGTATGAAAC	-0.457170548888215	2.27069479184699
GAGGCCTTCGTGTCAA	0.0110129920052242	-1.46878822606855
GAGGGATAGAAGTGTT	0.742243224718029	0.978379073826908
GAGGGATAGGGCTGAT	-1.13580810105852	2.66575817175245
GAGGGTACACTTTATC	2.64345527510327	-2.81436617039831
GAGTCATGTTCTTAGG	4.9971409090572	1.53328944849121
GAGTCTAGTTCCATTT	4.88150793324707	2.16041751161601
GAGTGAGAGCTCAGAG	2.34551561305159	-2.71234033925905
GAGTGAGGTGCCTTTC	1.03790198676304	3.12294795004239
GAGTGTTGTCTAGGCC	-2.36451824904533	-3.58321870717245
GAGTGTTTCGCCATAA	-0.878570804815141	2.87507135735117
GAGTTACAGTCTTCCC	-3.69996809295899	1.66524438773554
GAGTTACGTTACTCAG	3.82459274677776	-0.752698210222238
GAGTTGTCAACGTTAC	0.236860996537378	1.51043597084445
GAGTTGTTCACCGCTT	1.50940163658505	-1.21275506699182
GAGTTGTTCATGTCAG	0.995782922883021	-2.80339518511639
GATAGAACAGGATCTT	-0.639715943765744	2.12043507891111
GATAGCTCAAACGTGG	-2.20836491868581	-4.54594279000718
GATAGCTCAGTAACAA	0.935031413698671	-0.44669156039967
GATAGCTCATGCGGTC	-1.14607947598172	2.44293959913994
GATCAGTAGCCTAACT	-1.19817730392198	-0.431063029944704
GATCATGTCTCGAGTA	-1.10953487480057	1.59076390354188
GATCCCTGTGATACCT	3.5390685984284	-0.657200540547887
GATCGTATCTCCGAAA	-2.33216790618978	1.36333330408668
GATCGTATCTTCGGTC	1.02099772722971	2.85987412418731
GATGACTTCTAGCCTC	-1.3179701095322	1.1915936559727
GATGAGGAGCTGGCCT	-1.32126529631239	3.29977369979167
GATGATCCAATTGCCA	1.87848462702958	2.05387004907912
GATGCTAAGGGAGGAC	-2.23675565242669	-4.33685672695218
GATGCTAAGTGGATAT	2.33831225027645	-0.194633426958443
GATGCTAGTCCTGAAT	2.90822041607841	-0.611647581605005
GATGCTAGTCGAAACG	-3.1855341527235	-3.77639066145856
GATGGAGAGAATTGTG	-2.62209208717312	-1.06751880740315
GATGGAGAGTGTACAA	-1.64591971406926	0.541135394010318
GATGGAGCAAGGCCTC	0.431261350306276	-1.06300297746728
GATGTTGGTTCGCGTG	-0.949563945358083	3.40146670256013
GATTCGAGTGTCATCA	-0.103196830297461	3.08740075685506
GATTCTTAGCCTGTCG	-0.30052041803275	3.49626719963723
GATTCTTCACTCCCTA	-0.959397211811271	2.29786231482894
GATTCTTTCAACTGGT	-0.646638347058639	3.66940130863013
GATTGGTAGCGAGTCA	0.711154741951662	0.321239524196059
GATTGGTCACGCGCAT	-0.772928410094019	3.85732865414378
GATTGGTTCATAAGGA	-0.782754924608169	2.54933554803118
GATTTCTGTCCCGTGA	-0.371717383624367	-0.177173223074676
GATTTCTGTCGTCATA	5.09561404570567	1.94071840461522
GCAACATAGTTGCTGT	3.37917573769106	-0.757479042775298
GCAACCGGTCGTACAT	-1.02694502393763	1.26841893810796
GCAACCGGTGTCCACG	-2.94614965345045	-3.79648330896316
GCACATAGTAAGATAC	0.561608475200124	-1.999939064244
GCACATATCCCGAGTG	0.434570297918022	2.1489335954163
GCACGGTAGGTTCAGG	-2.495153456147	-1.13038981601061
GCACGTGAGTTGTACC	-2.26907020558448	0.880948353002734
GCACGTGCATGTACGT	-2.49395560747241	-0.28313384894319
GCACGTGCATTGACCA	-0.0472344585401481	3.79416898516595
GCACTAAAGTGGTCAG	0.751699390254085	2.94911526516148
GCACTAAGTGAGTCAG	-2.91979676113546	-0.456570271921644
GCAGCCAAGAAATGGG	-1.23633586339626	2.73917214806096
GCAGCCATCGTGACTA	-1.11589931413227	1.91100126362418
GCAGCTGCAGATTCGT	-1.02775560482401	2.20864575336923
GCAGCTGCATCGCCTT	-2.78961022447474	0.815324825550977
GCATCGGCAGAATTCC	-0.948251781115723	4.11542671824582
GCATCGGTCACTTCTA	-1.77631318859839	2.4609253692396
GCATCTCAGAAACTCA	-2.93892466494383	-0.473597352758185
GCATGATAGAAGTCCG	0.379951477139569	2.71222567567732
GCATGATAGGGCTTCC	1.09251177373901	1.66935417911921
GCATGATGTGGCTAGA	-1.98917007008725	-4.39607352442519
GCATTAGAGCACTAGG	4.07269756945443	-1.12562446628539
GCCAACGAGCAGATAT	2.57604695350704	-0.201550830418898
GCCAACGAGCTGACCC	0.124119904006764	-2.51110422988747
GCCAACGCATTGAGGG	0.135585798479069	-3.11300848494256
GCCAACGGTACTGGGA	2.25963102437486	-1.96379217610634
GCCAGCAAGTGGACTG	-1.37269496279524	3.7104741594062
GCCAGGTAGAGCTGCA	2.08902021227457	-0.728577943816825
GCCAGGTTCCAGGACC	-1.88096912669344	0.372047561213143
GCCAGGTTCCGTTGAA	1.46453175241408	1.45723405291457
GCCAGTGAGGTAGCAC	0.789343383965467	1.04162634591149
GCCAGTGTCGCTATTT	-0.876943856787106	0.26434116801391
GCCATGGCAGACTGCC	-1.26034385897372	0.825005642944017
GCCATTCAGGGTGAAA	-2.28311567618527	1.34282413969108
GCCATTCCATCCGGTG	0.193679547732653	0.46016067710075
GCCCAGAGTTGCGGAA	-0.295616651347297	-1.21804315021946
GCCCGAAAGGTACAAT	0.602226828016267	-0.646615489580717
GCCCGAAAGTGGCCTC	0.0391310817491974	3.91896164144853
GCCCGAAGTAGACAGC	0.11873860304506	-2.0867402406394
GCCCGAAGTAGTCACT	2.09155577289135	0.0542226667130592
GCCCGAATCCTCACGT	2.42021254517771	2.22216935848014
GCCTGTTCAACTTGCA	0.751006738309607	-2.13250132425879
GCGATCGGTGAGACGT	-1.9017592568204	-1.05556214371944
GCGATCGTCCTCCACA	1.35254834124424	1.19116566074303
GCGGAAACAAGGTACG	-0.925948738226313	3.45969163981439
GCGGAAACACGCTATA	-2.97610657429409	-4.04874237441837
GCGGAAAGTCAAATCC	4.01903565825009	1.63270852562425
GCGGAAATCCGTTGGG	-0.841796775480764	-1.32556268886456
GCGGATCAGCTTTCTT	-3.00170664958666	-3.61287289576502
GCGTGCAAGACACACG	-1.08902041949988	2.27766319440702
GCGTGCAGTTCTCCCA	-2.11934320970273	-4.22637127109644
GCGTTTCAGACCCTTA	-2.03827569319993	-3.42813587424795
GCGTTTCCAGGGTTGA	0.296408489972122	1.99697186855812
GCTACAACAGTTTGGT	4.41810192899251	1.63523009805259
GCTACAATCATCGGGC	1.9994126702178	2.42720433656573
GCTACCTAGCTGTTCA	-2.41002573561134	-2.89470695087559
GCTACCTTCATGTCAG	-3.6742722563186	1.50115421799357
GCTGCAGAGCTGAAAT	1.40063777505235	0.074453006659672
GCTGCAGAGTCCTGTA	-0.828122883166108	-0.0231711997187976
GCTGCAGCAGCACCCA	0.460543229132411	-1.68805831157292
GCTGCAGGTTGTTTGG	-1.50141692473987	-2.12212835025169
GCTGGGTCACGTCGGT	4.18988358170517	1.69000900325901
GCTGGGTCAGCAGTTT	-0.884899711213433	4.00937393409983
GCTTCACCAGGTCAAG	-2.54977358720159	-3.93988041592075
GCTTGGGCACACGCCA	-2.2950958783252	-0.903526862856113
GCTTGGGTCTAGACCA	1.9022164835491	-0.427109013287949
GCTTTCGCATGGGATG	-3.11815918695879	1.59726613430728
GGAAGTGAGGCATTTC	3.61259641337665	-1.81325685995377
GGAAGTGGTATGAGAT	2.21845838458309	-3.09005879618272
GGAAGTGTCACTTTGT	0.47440340389797	3.15967196828122
GGAATGGCAATCCTAG	5.1421092921598	1.70718876952165
GGAATGGTCGGCTGAC	-2.02397416633918	-4.44618394595687
GGACGTCCAGTTTGGT	0.13053640214394	0.529465871278497
GGAGAACCATGAAGCG	0.853140132430263	-1.72790179511458
GGAGAACGTGCTATTG	-0.450162548765682	0.905304807765995
GGAGATGAGCTGCCAC	-0.988559858735298	4.28127003950271
GGAGATGTCTGTTCAT	-1.54351750279675	-0.174450191618275
GGAGATGTCTGTTGGA	1.1094099591482	2.69496884231516
GGAGCAAAGCTCTATG	-0.974410771076359	-1.91329807110169
GGAGGATAGATCCAAA	0.176309877691057	-1.48498066569751
GGAGGATAGGTTTACC	0.289105944009864	-2.23194980333805
GGAGGATCACCTGTCT	-2.75256615437393	-3.67583008884265
GGAGGATGTGAATTAG	-0.108918599277828	-0.0463297425548381
GGAGGTATCGCTTGAA	1.0902895930388	-1.52097275248929
GGAGGTATCTGCATAG	-2.55042921376635	-4.11864494717404
GGCACGTTCAAGCCCG	4.08012546478551	1.59126057645531
GGCGTCAAGACACACG	-1.23075947426976	1.67902674330723
GGCGTCAAGATCCCAT	0.804927778610871	-2.48858898507806
GGCGTCACATGTGCTA	-2.80243299242382	-4.01072928973591
GGCGTCATCATTATCC	0.633271481783087	-2.73907186577803
GGCTGTGAGTCATGCT	4.05418432051983	-0.891333603182918
GGCTTGGCACTTGACA	4.19130068397713	2.15967417262112
GGCTTGGCAGCAGACA	2.37627147486948	-0.0248891982366963
GGCTTGGCATCGCTCT	-3.24479171900571	-3.64940050227056
GGCTTGGGTCTGTTAG	3.45869628091216	-0.549245331167584
GGGAAGTAGGCTCTAT	1.49166562190846	3.03111150256099
GGGAAGTCACGCACCA	0.485226104234006	1.43045578551406
GGGACAATCGGAGTGA	1.28486408667474	-2.73003470599495
GGGACTCGTGCGTGCT	-1.51541822163547	2.57922158205321
GGGAGATAGCCGTCGT	1.82839988349233	-1.1970826957674
GGGAGTACACGTAACT	-3.02069987745225	-4.17976308181276
GGGAGTACACGTGTGC	-2.87773775581295	-3.78627696906182
GGGATCCCACAGCCAC	1.17425752859943	-0.497354742309373
GGGATCCCACGCAGTC	-1.09242699275709	2.04431676983256
GGGATCCCATGCCGAC	-0.310532340142814	-1.13619159712279
GGGATCCGTATGGTAA	-1.74883781040537	2.35955686513264
GGGATCCTCGGTCTAA	3.36599928547821	1.6427046367211
GGGATGAAGACATCCT	-0.209589233420895	-2.98680422638148
GGGATGAAGTACCATC	-2.48766456333853	-3.29048582789855
GGGATGACACATATGC	-2.04112336262783	1.5246842395852
GGGATGACATCTAGAC	-0.161805145663573	3.15507105978083
GGGATGATCAAATGAG	0.0563350321473637	1.58931189914939
GGGCTACAGTAACAGT	1.02868187535678	-0.335339350464446
GGGCTCATCGTGTGGC	0.343164746729748	-2.755740255257
GGGTAGAGTTAGAGAT	1.61116556500305	-0.631940735390068
GGGTAGATCACCGACG	0.160369411224256	-0.851008286917997
GGGTAGATCATTCGTT	-1.79623480873413	-0.0692287805138507
GGGTATTAGTAGGAAG	-2.25865388102195	-4.30429974404861
GGGTCACTCGTGTCAA	2.84567408579123	-0.766007286455177
GGGTCTGGTATGCTTG	-0.396117891191122	-2.36231063891788
GGGTGTCCACATGAAA	2.19607206398309	0.0856920075994907
GGGTGTCGTAGATCCT	-1.22985409280511	3.00511637936415
GGGTTATAGACCATGG	3.18435189016342	-0.469419405900313
GGGTTATGTGAGATTA	0.33227884345474	1.62808079902049
GGGTTTACAAGGCCTC	3.28036977356355	-0.251497964703485
GGTAACTCATCAGTGT	1.20313002979237	3.38973192931502
GGTAACTCATGCACTA	0.854376761793274	-0.705926262525795
GGTAACTGTACAAGCG	2.5642479596055	-2.36037704362539
GGTAATCCACTGTCCT	-3.81767654120401	1.92637199084467
GGTAATCGTTTACGTG	0.870932660721133	3.19202155080953
GGTAATCTCGTCAGAT	-0.983427421692132	-2.29273463307718
GGTCACGCATCCTTGC	2.75057718863063	-1.6278903895686
GGTCACGTCATCTACT	-0.035906397715606	-0.855050427006567
GGTCACGTCGACGCGT	1.47113742167793	-1.44842287436629
GGTCACGTCGCTGTTC	-1.03155451067706	-1.56548182563396
GGTCTGGAGCATTTGC	0.38620762633502	-2.67228186955863
GGTCTGGGTGGTCTAT	4.08670889911962	-0.754232058346505
GGTGAAGAGGTTGAGC	-0.000452417982033992	2.62281413360364
GGTGAAGGTATCTCGA	-2.96711871884047	1.32192914752961
GGTGAAGGTCTACACA	0.429833559436755	-1.13022695415922
GGTGATTCAGACTCTA	1.99087336483934	-0.646080079594217
GGTGATTCATCTTCGC	4.15136727061276	1.47717292609803
GGTGATTGTGGGCTTC	0.557290456854684	-1.72243056737098
GGTGATTTCCATATGG	-1.17455633574235	-0.672139341096091
GGTGGCTAGAATTGCA	-0.14547512242024	0.303555644491478
GGTGTCGAGCTTCATG	0.278396129475619	2.66129207438294
GGTGTCGAGTCGAATA	-1.0168868022742	-1.91158610774924
GGTGTCGTCGCTGTCT	3.10519781435055	-0.416785698471767
GGTGTTAAGGTCGCCT	-1.77482715412301	0.0644177853432595
GGTTAACTCATCCTAT	-3.26617451495003	-0.108618262732186
GGTTCTCCACTGAATC	0.585754187068332	0.561164599245596
GGTTCTCGTATCCTTT	0.824289985841801	1.6023589424076
GTAACACAGACCGCCT	-3.23146204628499	-3.90655735789465
GTAACCAAGTAGACCG	-0.0219405258824943	0.666327345653059
GTAACCATCACCGCTT	-3.24353122192797	-3.12700489305345
GTAACCATCTCGCAGG	-2.42008875827306	1.71854149502783
GTAAGTCAGAGCACTG	-3.22931028447335	-3.56155846363972
GTAATGCAGAAACTAC	4.96849200767152	1.93277365915702
GTAATGCAGCCGCACT	-0.239900097979461	1.67636952633346
GTAATGCCAAGGTCAG	4.69698040663473	2.21265166225553
GTAATGCGTGCACAAG	-0.605991989903452	-1.95856529981058
GTAATGCTCAAGTTGC	1.79520326737425	-1.65816017725022
GTACAACAGGACAACC	-2.89029603010465	-0.36514242659178
GTACAACAGTTACTCG	0.461530810178174	-1.10159147647506
GTACAGTGTAGGACCA	0.599745022791728	1.87571756611513
GTAGAAAAGTACTCGT	-2.22722096499684	-4.4115172149091
GTAGAAAGTTCTTAGG	4.98622105387427	1.4720144391626
GTAGAAATCGAGATAA	1.60113223237623	-2.86947288419784
GTAGAAATCTCTCTAA	-0.527115788389275	1.599822188775
GTAGAGGCACTGGATT	1.30140980243721	1.30474083679532
GTAGATCAGTAACGTA	-2.35645236523688	-1.22626497684482
GTAGATCTCGCCTCTA	-2.44451493208681	1.89986474325153
GTAGGAGGTTTGAAAG	0.444872231510931	-1.6789821695139
GTAGGAGTCGTCCATC	1.98051697157951	2.84080416049999
GTAGGTTCAAAGAACT	-0.551416255060873	0.371644446306573
GTAGGTTCAATACAGA	-0.708687293177003	2.96634989314477
GTAGGTTGTGACAACG	-2.89792401174364	0.142212107702485
GTAGTACCAATCACGT	1.65556659463992	-2.92559427746193
GTAGTACGTGAGAGGG	-1.03936576991219	-2.01241462811804
GTATTGGAGAGGATGA	-1.79447541306433	-1.48837917622271
GTATTGGAGATACGAT	-0.209061877851676	-1.42471491255437
GTATTGGTCAAGTTGC	-0.0908349914040345	1.25726120385756
GTATTTCTCTTGGGCG	0.261231009934561	-3.03402672927483
GTCAAACCAGACATCT	-1.52073259752377	1.63907303894828
GTCAAACTCACCATCC	-0.832173831705602	-0.00117823289521191
GTCAAGTAGAATCGAT	-0.178081029177904	2.88575072163765
GTCAAGTCAAATTGCC	-2.30579832011421	1.75675669552934
GTCAAGTCACGTACAT	-2.49027741979353	-4.39529472096983
GTCACGGTCCCGTGTT	0.216640656592184	-1.24623961890997
GTCACTCCAAATACAG	-0.321014034455765	3.66418928340866
GTCACTCGTCCGGATC	2.36562594286161	-0.717742399735276
GTCAGCGAGGGCCAAT	2.79222329498075	-0.500242683462673
GTCATGAAGCACCGTC	-3.23139079478761	1.30400122119474
GTCATGACATCGTCCT	-0.730065237529145	-1.99511819973634
GTCCTCAGTCAAGTTC	-2.48822459970283	-0.85520838406894
GTCCTCAGTGGCTAGA	-0.287989462206379	-3.17520334499134
GTCCTCAGTTACGGAG	2.58805730545131	-0.500100950627594
GTCCTCATCGGCATAT	-0.0599371917587597	-2.2015259362308
GTCGAATAGGGTCACA	-1.07460979032977	-2.35478353537995
GTCGCGATCAGTGTGT	-1.06276235767414	2.67604487937248
GTCGTAAAGGTATAGT	1.34543395633516	-1.31999451264363
GTCGTAAGTTCTAACG	1.14006300895466	3.18706393563955
GTCGTAATCTGGTTGA	1.01024452788485	-2.58115314589238
GTCGTTCTCATCGCCT	-2.00504549449482	-4.3443408820579
GTCTACCTCATGACAC	2.20636526328477	-2.54776888810397
GTCTAGACAAATCGTC	1.1241044620348	3.09016461856566
GTCTAGACAGGACAGT	2.35082434951611	-2.59442646345412
GTCTAGAGTCCACACG	2.20817696237636	-2.9160824501267
GTCTCACCACCGTGCA	1.19243475979228	-2.37430020264994
GTCTCACGTATCATGC	-1.62459667702266	1.19465661147485
GTCTCACTCGCTACGG	-1.13332743864779	1.85197068185224
GTCTGTCAGGTAAGAG	-1.75254222532263	-1.44466642608862
GTCTGTCTCCGTTGGG	0.014728160243167	-2.48040523303369
GTCTGTCTCTAGTACG	0.00876479837392719	-0.0431518818488268
GTCTTTAAGCGTGTCC	-2.98805016267802	-4.27103842799616
GTCTTTACAACGGTAG	2.34506786752228	-0.465307815757143
GTGACGCGTTTATGCG	-1.3546168141298	-0.127969620914108
GTGACGCTCTTGATTC	1.60461243169705	-1.17381880379282
GTGAGCCAGCGGTAAC	1.96450923162311	2.84946294688965
GTGAGCCTCTGAGTCA	2.31974053986128	-0.944313197115081
GTGAGCCTCTTGGCTC	0.129665854306262	-2.48219934618759
GTGAGGAAGAGCTGAC	1.78863046051099	-0.436239337997521
GTGAGGAAGTAAGACT	-1.45395427557734	1.14365655999272
GTGAGGATCTTCCTAA	-2.17611317493805	-0.29714504694155
GTGAGTTCAGCCGGTT	4.91698255479995	1.81274068266253
GTGAGTTTCCTCTCGA	0.876418537409046	-1.88204828328517
GTGATGTCAGCTTCCT	2.25099244740548	-2.50714644734414
GTGATGTGTCATAACC	2.55286891110756	-0.319015112950359
GTGCAGCAGGCACAAC	0.0393005650970766	-0.962353698846557
GTGCAGCTCCCTGGTT	-3.26584338166144	-3.9779230719069
GTGCGTGAGCGCGTTC	-0.143094714959322	-1.21169243453024
GTGCGTGGTCATTGCA	1.54302650554196	2.03644872861151
GTGCGTGTCCGCTAGG	-2.24974663446215	-0.80254476849806
GTGCGTGTCTGGGTCG	0.50215407966236	2.21650218721563
GTGCTGGGTGCCTTTC	0.718366629665684	3.04115690916823
GTGCTTCAGCTTTCCC	3.6320768399746	1.71582937107017
GTGCTTCTCTCGCCTA	-2.00694058035028	1.34620354266321
GTGGAAGCATGGCTAT	0.797051742901592	-0.474512408463459
GTGGAAGTCCTGGTCT	0.0481381891454284	-1.2445855748386
GTGGAGACACCGTGCA	1.87783740795537	-2.99725522152157
GTGGAGATCATTGTGG	4.98847307420862	1.64844250217987
GTGGGAAAGGAACGAA	0.110608502786447	-1.00132134242049
GTGGGAACAACCAACT	2.68938085420179	2.02552192121591
GTGGGAAGTCTAGGCC	3.39872783840618	-0.867397865712686
GTGGGAAGTGTGAGCA	-1.14322781226196	1.37223728894039
GTGGGAATCATTCGGA	-0.27543650393598	-2.80866300146313
GTGGTTACAAAGGTTA	0.548181957234925	1.90617644168697
GTGGTTATCCGGTTCT	-1.02479708082737	2.43475252216234
GTGTAACAGGGTCACA	0.742517071171208	-2.37532597326815
GTGTCCTAGCTCCCTT	1.63511427834553	-0.811085801883431
GTGTCCTAGGCATCAG	0.516193355832725	3.61477028016877
GTGTCCTAGTAGTCAA	-0.651875278512473	2.85669456418877
GTGTCCTCACGCTTAA	4.50800396070269	2.18924855761799
GTGTCCTCATCCGTGG	1.05213649459294	-1.84126632293676
GTGTCCTGTCCCTGTT	2.19266489582855	-3.006325371527
GTGTGATCAATTAGGA	0.415499902302507	-1.20116695171781
GTGTGATTCCTAGAGT	2.1015136942002	2.66573099616505
GTGTGGCGTGTTCCTC	-0.155452159374325	3.47018397211966
GTGTGGCTCGTGTGAT	4.78605728988185	1.41137614236813
GTGTTAGGTAGTCACT	-0.0757271458808333	1.88988730316485
GTGTTAGTCCCGTGAG	-2.13464064021143	-1.45906483572211
GTGTTAGTCGTAGCTA	-3.47499237732872	1.50568245801082
GTGTTCCTCTGAGAAA	0.223103994133421	1.76361649233853
GTTACGACATGCCGAC	4.6591056698138	1.81020726455906
GTTACGAGTCCAAATC	-1.79224425429365	0.661748378172754
GTTACGAGTCTGTGTA	-0.262413798820412	2.53220019289243
GTTACGATCGCTAATG	-0.194219135661115	0.342963256665359
GTTAGTGCAGCACAGA	5.04312943881089	1.7971151528506
GTTAGTGCATTCAGCA	3.58454599101861	-1.28053084806732
GTTAGTGGTCTTGTCC	-1.7703571392168	-2.68803689514516
GTTAGTGTCCACGAAT	-3.44588695909916	1.87236048160771
GTTAGTGTCCGTGGCA	-0.0399477022084587	-2.38223174389704
GTTAGTGTCTTAGGAC	-0.0844315008602865	-0.657155654800794
GTTATGGAGTGGCCTC	-0.907369409455753	4.17753079400487
GTTATGGCATAGGCGA	4.88587411003406	2.20195875091293
GTTCATTAGACGGATC	2.18394790275624	-0.667811801152719
GTTCATTTCATTACCT	2.39013971981003	-3.11987127055923
GTTCCGTAGTGGACGT	-1.71328646412694	0.995609293401101
GTTCCGTCACTTGAGT	0.518580648688903	2.76872804849786
GTTCCGTTCCCATTTA	-0.538143903068398	-1.04726987518151
GTTCGCTAGGCGCTTC	-0.989562032283883	-0.130159838648336
GTTCGCTAGGGAGAAT	-1.52903488800859	0.514133963090081
GTTGAACCAGCAATTC	-0.624009874220828	-2.22946380531866
GTTGCGGAGTCACAGG	5.05377997144949	2.26879530610669
GTTGCGGGTATACGGG	-2.10296199786958	-4.43840267874643
GTTGCGGGTATTGAGA	1.56209099344693	1.64436349121866
GTTGCGGGTTAGGCTT	-0.900500047996979	0.72429426881518
GTTGCTCAGCAGGTCA	2.13537533065063	-3.05457700666173
GTTGTAGAGACAACTA	3.95093185982121	-0.701994483767765
GTTGTAGGTTCAAGTC	-1.081776466647	1.16721144725453
GTTGTCCAGTTCATGC	-2.00901215399921	-0.271588109844216
GTTGTCCGTCTTCATT	-2.36949498003455	0.813878388963566
GTTGTCCTCACTTTGT	1.82662023075927	-1.18926133742566
GTTTACTCATAAGCGG	-1.69445392023583	-1.76448811421593
GTTTACTGTTCTTGCC	1.96230320700857	-1.43504753943823
GTTTGGAGTTAAACCC	-0.576151956298869	2.4490398285955
GTTTGGATCGTGTTCC	-1.75496186230407	-0.834344036886058
TAACACGAGTGGAAGA	-3.07319795015355	-4.29075451885504
TAACCAGGTTGGGATG	2.15642454150853	2.47219131018603
TAACCAGTCCTCTCTT	4.04084258275423	-1.66393061562156
TAACGACAGGTCGTCC	0.948423384830925	1.79674043757971
TAACGACCAGGGAGAG	0.455193556690074	-2.29297911835429
TAACTTCAGGCTTTCA	0.458007639066806	0.416066875682435
TAACTTCGTACGGTTT	-0.498881673778639	2.2075144265297
TAACTTCTCAATCCAG	-1.6183769370157	-1.01810330517508
TAAGCACGTGCCTAAT	0.509519313889854	0.0403666611984379
TAAGCACTCCACGGGT	-0.844994623283006	-0.349143850771753
TAAGCACTCCCTTCCC	-2.52055203833958	-4.30096863978813
TAAGCACTCCGGACGT	-1.32281493622214	0.0695719448729211
TAAGCCAAGAGCTGCA	-2.66070136946641	-0.544644576316218
TAAGCCAAGTTCATGC	3.73635467955106	1.73163723516601
TAAGCCACACACTTAG	-3.72919248304047	1.93564701134185
TAAGCCAGTCCTTAAG	-0.734088151131038	2.92610716605391
TAAGCCAGTGGACTGA	-2.59739525220169	-3.87802634973942
TAAGCCATCGCGCTGA	0.203803337597192	3.72377040691769
TAAGCCATCTCGCGTT	0.986980418540179	1.31527387104949
TAAGCGTAGACTCGAG	3.78220669942781	-1.2004898184576
TAAGCGTCATTGACTG	-1.88702247606749	-1.3678355809971
TAAGCGTGTGGCTTAT	1.04909690584897	-2.51361847642869
TAAGCGTTCGCGTTTC	-0.43967183656825	-2.71010666653734
TAATCTCAGACGCAGT	0.356013007391998	-2.78732365251591
TAATCTCAGGTGCTAG	-0.963410975472645	-0.312911082586391
TAATCTCAGTATCTGC	-0.11890946241398	-0.258995388314286
TAATTCCAGCGATGAC	-0.929981760860574	0.650766834967253
TACATTCCATAATCCG	-2.85246319327864	0.505420411863939
TACATTCGTCGCTCGA	-2.37312405404002	1.66846323446189
TACATTCGTCTCTCAC	2.21652009205589	-2.83511981659118
TACCCGTAGCGACATG	0.917281446313758	-1.60162226932114
TACCCGTAGTTCATCG	-3.14490030129322	-4.26354334048511
TACCGAAGTGTCATCA	-2.35416994977561	-3.36480319525108
TACCGGGGTAGGCAGT	0.274332851856299	-0.876291482443906
TACCGGGTCGTGGCGT	1.34814806853305	2.92936013503508
TACCTCGAGAACAAGG	2.33001557983579	-0.0340601750093796
TACCTCGTCGTTATCT	-2.69731174396993	-3.69218573741331
TACCTGCAGGGAGAAT	2.24494162258477	-0.410571062388715
TACCTGCAGTGCAACG	4.00899365190559	-1.40695351112673
TACGCTCCAAGTGGTG	4.17533200039113	2.19283717560894
TACGGGCAGCACTTTG	0.978829372680718	0.0894600038727678
TACGGGCAGTGCACCC	0.656821893246975	1.61647255904137
TACGGGCTCAAACGTC	-2.50551024963124	-4.06406825616138
TACGGGCTCGCCATAA	0.765687037482926	-0.0535967286702288
TACGGTAAGAGAGCAA	-0.576989933759533	-2.57880031694324
TACGGTACATCGCTCT	2.24565023435197	-0.790265426654895
TACGTCCGTAGACGGT	3.66564774602081	-0.645343328399523
TACGTCCTCCATCCGT	-0.419378013026278	-0.465687110456285
TACTGCCGTAACGGTG	-1.12790656300504	1.8496630758222
TACTGCCGTTGCATAC	1.656004897843	-0.689653657606691
TACTGCCTCCGCCTAT	-1.26907783203325	0.100628158185376
TACTGCCTCTCAAAGC	0.283435946862464	1.4013759463342
TACTTACCATAGCACT	1.76730831472033	-2.83094467179461
TACTTACCATCCGAAT	-1.07102729407623	4.23410657822869
TACTTACGTGAGTGAC	2.91389840133602	-0.627794610170973
TACTTCAGTACTAACC	2.27019968845421	-3.02091629403913
TACTTGTCAAACGAGC	0.826623797370543	-1.18086154535212
TACTTGTGTAAGATCA	-1.79281612430386	0.122354950002154
TAGACCAGTAACACCT	-0.204615145036521	2.865662542843
TAGACCAGTCGTTCAA	-1.90287647395728	0.299689188884262
TAGACTGCACGTACTA	1.1274913646519	1.27007087370027
TAGACTGCACTCCGGA	-0.704854318788743	-0.923662993082944
TAGACTGGTTTAAGGA	0.905360128070993	-2.25731510622564
TAGAGTCTCCATATGG	-0.323672371451044	-0.139237365469847
TAGCACAAGCTCTGTA	1.73388258800757	0.372857566925453
TAGGAGGAGCCATTTG	0.697487176685055	0.671068452034318
TAGGAGGCATGGCTGC	0.841228111126811	1.86586182066141
TAGGAGGGTTGCACGC	-1.49549031053451	2.24964616594832
TAGGGTTGTCTGCCTT	-1.44645170031115	0.465561421551594
TAGGGTTGTGTTAAAG	0.425464416279331	3.11479699799031
TAGGTACCAATCGCGC	-3.22286762797261	-3.8706188925643
TAGGTACCACGCTGCA	0.233704222600571	2.59665464447158
TAGGTTGCAGCTGCCA	-3.21293091872435	1.70392383562687
TAGGTTGGTTGGGAAC	-0.174603433141896	3.20354476766199
TAGTGCAAGTAGTGCG	3.08423009405276	-0.592154598912968
TAGTGCAGTGTGGTCC	2.37037598645604	0.467862927323846
TATACCTTCTGGGATT	2.74443521930689	-1.06925846470713
TATCCTAGTATCGGTT	1.37770320631803	1.72686758971064
TATCTGTAGGTCCCGT	0.873821849874677	1.35331177870939
TATCTGTAGTCCCAGC	-0.886464467555079	-0.117498886215645
TATCTGTCACGCTTAA	1.27989796632123	0.471352972378788
TATCTGTTCAGGAGAC	-3.34892057518107	1.62908085383092
TATCTGTTCCGCAAAT	-0.635188424364476	3.48817056058622
TATCTTGTCCAGTGTA	-0.805115723812268	0.355096946313412
TATGTTCAGGGTGAAA	-3.61323236929649	1.73105624763777
TATGTTCGTGACGTCC	3.90516704574129	-1.15914322817213
TATTCCAAGATGCCGA	0.729214776840624	-2.070996482069
TATTCCAAGTTGCATC	-2.44191677949713	0.834562233601344
TATTCCACACATTACG	-3.05555323220737	-3.63155851068681
TATTCCAGTAGTGTGG	-0.930409698408596	2.94184957326321
TATTGCTGTATGCGTT	0.375713783902725	0.00260580507224439
TATTGGGAGACGGTCA	-1.23634041828946	2.75327247466769
TATTGGGCAGACTGCC	-0.326310579451381	-0.0919518718257528
TATTGGGCATGAAGGC	-0.421482969090752	0.194626965792832
TATTGGGGTGTGAGCA	-1.09158567467705	4.26846468225783
TATTGGGTCAAGATAG	-3.34445754081226	0.70948127944165
TATTGGGTCAATCTTC	-1.44276127045731	0.523638498679956
TATTTCGTCTGCCTGT	-2.77665041194467	1.23363553782111
TCAAGACCAATTGAGA	-0.014434307041733	-0.208171559918177
TCAAGCAAGCGTGAAC	-2.69502823967852	-3.09293832353369
TCAAGCATCTCCCATG	-1.2678813105373	1.92199344534193
TCAATCTCAGCAGACA	1.15605458060095	2.11794240939359
TCAATCTGTCCGTACG	-2.07423346688418	2.04065908478583
TCAATTCCATTCCTAT	-2.04601499616592	-4.51908229108412
TCACACCAGAGGGTCT	-1.40600712657494	2.00040789725005
TCACACCAGCACACAG	-1.42275087468014	-0.992206218346942
TCACACCAGCAGTAAT	-0.121383647776932	-2.20982545561676
TCACACCCAGCATACT	3.07668577314218	-1.25522366950545
TCACACCTCATGAGTC	-0.182610435035573	0.238234596674888
TCACATTAGTTATGGA	0.244452609257929	-1.74286090456813
TCACATTGTCGAATGG	3.41735622330902	-1.12152840929587
TCACGCTAGAATCGTA	-2.08560173008952	2.07329563610434
TCACGCTTCGTTACCC	-0.985920651596671	1.86592140450527
TCACGGGGTCAACCAT	-2.61002423194633	-4.11623613882554
TCACGGGGTCTGATAC	0.322026283805875	-0.215145002070107
TCACTCGCAATACCCA	-2.67615539499144	1.87070672010491
TCAGCAAGTTGTAAAG	0.743774502836767	2.35856735292474
TCAGCCTCAGTGAGCA	1.94901546690695	-2.42343897301244
TCAGCCTGTCGAACGA	-3.14577311488069	-3.85409498749987
TCAGGGCGTCGTAATC	1.04075193658584	1.77389630122795
TCAGGGCGTGATTCAC	-0.530446673763297	0.867523602049117
TCAGGTATCTTTGATC	-0.582520420242643	-1.44077465263935
TCAGTCCCATGGGAAC	-1.40165500245908	-1.24898706248059
TCAGTGAGTATCCCTC	1.429952002855	-0.968411919543253
TCAGTTTCACTGGCCA	-0.885619242988799	-1.76641125220081
TCAGTTTGTACAGAGC	-1.73978286861841	1.04879150035934
TCATACTAGGAGAGGC	0.281105925556556	-2.0415830101411
TCATACTTCCACGTAA	-2.34651324028695	1.44911785939837
TCATACTTCCCATTTA	-2.09048901337993	0.493607020586556
TCATATCAGGAAGTGA	2.17995416740372	-2.87350991371106
TCATATCTCACTTTGT	-2.50311233364111	0.607655870298378
TCATCATCATGGACAG	-1.62753287126698	-0.58348385547406
TCATCATGTTAGTTCG	-1.53662241354166	-1.1199732923366
TCATGAGAGATAACAC	0.650071574991187	-1.82640829040921
TCATGAGAGTTGCTGT	1.80081613069297	-0.419518245433451
TCATGAGTCCTCTAGC	-0.395723495271664	0.721676819172634
TCATGCCCAATTAGGA	-2.18366969321659	-0.531888019401157
TCATGCCGTCAACATC	-3.18706489586767	1.70003322880517
TCATGCCGTTCTCGCT	-2.33956791577008	2.15744313081972
TCATGCCTCACTGATG	5.15707283826168	1.88856257148877
TCATGTTAGCCTCCAG	-0.714430233140483	2.61527591532854
TCATGTTTCATTTCGT	-0.263985208229517	0.173022920212997
TCATTACGTAGTATAG	1.66107639395851	1.02701036623025
TCATTACGTTCGTTCC	2.70410623986809	-1.67919140113229
TCATTACTCTGCATAG	-0.203175048020705	-0.594572343277326
TCATTCAAGCGTCTGC	-0.841183715501527	4.05666441467269
TCATTGTAGATTGATG	4.44166621353119	1.35374815435929
TCATTGTCACCACTGG	0.718404424147252	-3.03031316765985
TCATTGTGTAGGCAGT	-1.68404202015606	-1.55044144659274
TCCACCACATCGATAC	-2.54029035605203	0.845182249999977
TCCACCATCATATGGC	-1.87304711187334	-0.403481829386808
TCCACGTAGATCACTC	-1.53822069321074	3.71684399060635
TCCACGTTCTTTGCAT	-3.34908599038652	-3.6868512245775
TCCAGAAAGACTTCCA	-0.128403296786164	-1.74863691007843
TCCAGAAAGGGACAGG	-0.00189685859031385	1.48204657735116
TCCAGAAGTAATGATG	2.39213688053326	2.50321836144263
TCCAGAAGTGGAAGTC	-0.377922324636606	-2.71509069323659
TCCAGAAGTGGTCTTA	-0.11686823886269	1.55162897999959
TCCATCGTCGCGAAGA	0.744068643585033	1.88503038905449
TCCATGCGTGTTACAC	3.89747744963867	1.56909762559173
TCCATGCTCTCATTTG	-1.11032737084311	1.2194232664958
TCCCACAGTGCCCAGT	-3.28570883404018	-3.9873844720955
TCCCAGTCACAAGTTC	-2.66421412344573	0.0247062242435891
TCCCAGTGTCACCGAC	-0.43603969326261	2.95416305309602
TCCGAAAGTGGACCAA	-2.52953555491565	-3.87871425515928
TCCGAAAGTTTACCAG	0.90329027369956	-2.58845984545898
TCCGATCTCGTCAGAT	0.718988690173052	1.6527012231042
TCCGGGAAGGCTAGCA	0.513822525982952	-2.55213027152903
TCCGGGACATGGGATG	0.60839637640423	-1.90926230295838
TCCGTGTGTACGCTTA	-0.926970348462039	4.23686042446087
TCCTAATGTGGGACAT	2.07970430847103	0.693614545485302
TCCTCCCAGTAAATGC	2.00528549772247	-1.60658457535298
TCCTCGAGTACCTAAC	2.51230103730438	-2.83845899796672
TCCTCTTAGTAGTCCT	-0.125977456832927	1.59598107723571
TCCTCTTGTGTTCGAT	4.15024836610319	1.65012407808361
TCCTCTTGTTGTGCAT	0.85118144687269	3.2476276178822
TCCTCTTTCGTCAAAC	2.6150140769967	-2.44295485778021
TCCTGCAAGAAACTGT	1.24713989888117	-2.79785867940077
TCCTTCTAGCTAAACA	-2.20864674429569	0.193737116055896
TCCTTCTAGCTATCTG	1.92908580900404	0.100718808303757
TCCTTCTCATGATGCT	0.723439182775414	2.80097842474172
TCCTTCTTCAAGCTTG	0.819449516908698	-0.293440119504776
TCCTTTCCACCAGCGT	0.0698205357409192	-2.25351671323216
TCCTTTCTCATTTCGT	2.33307168460313	-3.08961290336637
TCGAACACACTTACAG	-2.60867836227338	0.146896619229373
TCGAAGTAGCGTTGTT	-1.14070397567842	-0.272227151652709
TCGAAGTGTCTAACTG	1.90292409354986	1.93912601388874
TCGAAGTTCCCGAACG	-1.99484875378585	-1.12730032882361
TCGACCTAGTAAGGGA	2.01010545419813	1.26131027319265
TCGATTTAGCCTCAGC	-0.210083028962536	2.84233596055043
TCGATTTGTCAACCAT	-2.38246470275503	1.93807039685007
TCGCAGGCAATTCTCT	1.81755399343246	-1.022255969193
TCGCAGGCAGCTGTTA	-0.89839861524063	-2.24217751618145
TCGCAGGTCAAGTTGC	0.550693551273914	-0.792927467407079
TCGCTCAAGCTCTTCC	-1.90652931776232	1.47617634852736
TCGCTCACACCCTGTT	2.45884541458362	-2.77184820363316
TCGCTCACATGCTGCG	-0.599367197696948	0.482799574220531
TCGGATATCGTTGTTT	2.93899962548834	1.25134713498167
TCGGGACGTACGATCT	-1.59242637099811	0.372186867677878
TCGGGACTCGCATTGA	0.0299586855808354	3.1125609794484
TCGGGCATCAAGCCTA	-1.67792035967742	-0.495863011422414
TCGGGTGAGATGCTGG	1.32535874963452	0.63934933912422
TCGGGTGAGGCGAAGG	-2.04101495902511	-4.41892128986338
TCGGGTGCATCGCTCT	-1.60487505460931	-1.63176838275253
TCGGGTGGTACTGTTG	3.66101338012846	1.48982671960793
TCGGTCTAGGCATCGA	-0.830386370749817	2.29977152622639
TCGTAGAAGAGTCAGC	2.07984497298217	-0.158168745170467
TCGTAGAAGATGACCG	-3.30253003772573	-3.91445244523513
TCGTAGAGTCCTCATC	1.83041158390773	1.27753656181664
TCGTCCAGTGTGAATA	-0.724926212467564	2.93587925698353
TCGTCCATCGGAGCAA	-0.0439297761563968	2.60171881767159
TCGTGCTAGAGTTCGG	-0.873518491410958	-2.56138238189126
TCGTGCTGTACACTCA	-1.00840359479135	-2.45243683198954
TCGTGGGAGTAATACG	4.57578863429044	1.88615437890726
TCGTGGGGTATGATCC	-0.56244292329024	-2.67874484977937
TCTACATAGAGGCGGA	0.205827350331025	-1.5205776642496
TCTACATCATATCTGG	-0.869860489241888	0.316132576816608
TCTACATGTGAGCCAA	-1.44578111560465	2.6076886605972
TCTACCGAGGTTCTAC	1.23825824854503	2.96947084151938
TCTATCAAGAGGATGA	1.86171434505809	-0.766628351159238
TCTATCAAGATTGATG	1.75847475579013	1.47922811018063
TCTATCAAGCTTCATG	2.18243187180553	-3.20189059714695
TCTATCAAGGATATGT	-0.130157448514557	-1.44218315803877
TCTCACGCATCATCCC	-1.430763066727	0.823519686831416
TCTCACGGTCCTACAA	-0.479128237662862	-0.717470845399411
TCTCCGACAGCTGAAG	0.406266506563292	-1.58162156505792
TCTCCGACATAAGATG	-2.69408330202225	-0.104306462141409
TCTCCGATCCGCGAGT	0.796574505204646	-2.63160044955448
TCTCTGGCAGCTGTCG	1.85771969479468	1.80478037621477
TCTCTGGTCAATCCAG	0.394949055277231	-0.836796121610739
TCTGCCATCGTGCAGC	-2.81843686736262	-0.558952510960959
TCTGGCTTCCTGTAGA	0.551280246567278	1.29576328146159
TCTGTCGTCGCCAGTG	0.372427100855037	3.14571546114478
TCTTAGTCAGACGATG	4.12775880425228	1.53785530657793
TCTTCCTCAACTGCTA	-2.46369547695748	0.151135356034657
TCTTCCTCAATCAAGA	-2.78229025969264	-0.21321354007879
TCTTTGAAGCTGTTCA	1.85890935548449	2.24061171536187
TCTTTGAGTGACCGTC	1.94909973426387	2.79842919222742
TGAACGTAGATGGGCT	0.849553514663743	-0.384495265366136
TGAACGTCACAGCCAC	3.86407283314415	-0.992865261505409
TGAACGTGTGAGCAGT	-0.0292729686183142	0.226956695136347
TGAATCGGTAGAGGAA	-0.385096343730251	1.59240634092177
TGAATCGGTTGAGAGC	-2.62104285404909	-4.41776244434656
TGAATGCAGCACCGTC	-2.53161474746596	0.240199684716773
TGACAGTTCACGATAC	-1.34077128015032	2.81280821553607
TGACAGTTCCGCAACG	-1.68927591498174	2.0729497258642
TGACCCTAGGTCATTC	4.77606216819636	1.36936381362158
TGACGCGCACTCCGGA	-1.67673228428681	-3.43573586467662
TGACGCGCAGTCAGCC	-0.0697553993207065	3.52650171309319
TGACGCGCAGTTGTTG	-0.0709113289867389	3.3869792742306
TGAGACTAGTCACAGG	1.6717157465026	-1.1469778712492
TGAGCATCACGACTAT	-3.23660540427784	-3.84853477943697
TGAGGAGAGTCGGGAT	2.78886725730568	-0.370957786890735
TGAGGGAAGGACGCTA	4.13047547532641	-0.838657370926035
TGAGGGACATATGAAG	1.22112424968863	-0.904580174489396
TGAGGGACATGGTACT	-3.41440403364192	1.77313265351482
TGAGGTTCAAGTATAG	2.01185749488855	-2.91204967002899
TGAGGTTCATTGCAAC	0.0806929004346362	1.21878180115219
TGAGTCATCCGTAGTA	1.35768374112671	2.99641402274611
TGAGTCATCCGTGGCA	-0.925002097309899	-1.2062469696931
TGATCAGCAAGTGACG	-0.304765981220861	2.19328691014335
TGATCAGGTTACGATC	3.88780933486925	1.59855205567865
TGATGGTAGAGCAGAA	4.14440545416122	-1.45479187405453
TGATGGTGTTATGTGC	1.16951349203342	-1.94257866366119
TGATTCTAGATGACCG	0.296112392588689	2.43613515028149
TGATTCTCACTTACAG	-2.4898075379006	-2.73991542617801
TGATTCTGTCGCCTAG	-1.54331094271213	1.29944608183584
TGATTCTTCTTGATTC	-3.557944213281	1.36888286893283
TGATTTCTCCGTCAAA	-0.460482069049419	-1.46040927535519
TGCACGGAGCAATTAG	-1.47638035985429	2.07261145487622
TGCACGGAGTCATCCA	-0.600126673704238	-0.493899991971328
TGCACGGTCCATATGG	1.91531087603412	-3.02499924030105
TGCAGGCGTCGATTCA	-1.84128331090986	-1.50383464549969
TGCAGGCTCTGAGATC	1.58964813851461	-2.59034878366181
TGCAGTAAGCGTTCAT	-1.46701877130392	-0.34993895294747
TGCAGTATCAGACTGT	2.57440123875339	-2.55137529185529
TGCATCCAGCCGGAAT	-0.368195803775129	-0.0244016814070687
TGCATCCGTACGGCAA	1.78206645642116	-3.07561036254243
TGCATGAGTCAGTCGC	0.60163269369279	-2.37521933497539
TGCATGATCTGAGGTT	0.053068485542568	-2.86310599828212
TGCCGAGAGACTTCCA	1.25133757499866	0.246817404188532
TGCGACGCACCACATA	0.0806088708314201	3.79669253275596
TGCGACGCACGTCTCT	0.900327521813882	-2.22131670992907
TGCGACGGTCTAATCG	0.363539344450529	-1.90738505451902
TGCGATAGTATCAGCT	-1.82322592274027	-0.0306854808890487
TGCGGGTCACGTCGTG	0.339713403824951	-1.7725988755249
TGCGGGTGTCGCAACC	-1.7580027371767	-0.144188908252779
TGCTCCACAATTCTCT	3.39766572414805	-0.336657456490222
TGCTCCAGTTCTGAGT	1.94418788212115	0.600004921092486
TGCTCGTCATAGCACT	-1.15015427553209	2.99737775413081
TGCTGAACAGTTTCAG	-1.72401833412694	-1.32019310778133
TGCTGAATCCCATGGG	-1.2757100080668	-1.17864157668765
TGCTTCGAGCGTTACT	2.51178801492496	-0.274882103139614
TGCTTCGAGTAATCCC	-1.96756407740474	-1.33371743490041
TGCTTCGCAGCAGATG	-0.534944112237977	1.52413460896594
TGGAGAGAGGTGCTAG	-2.03469980651952	-4.26209409221996
TGGAGGAAGCGGGTAT	4.15410747539389	1.61824622634415
TGGCGTGGTCTCAGAT	4.83434894898885	1.33132054314991
TGGGAAGAGACGACTG	3.77108388750173	0.660053664896226
TGGGAAGTCCATTTAC	-3.77279300061008	1.64162350288224
TGGGAAGTCTAGTCAG	-2.57008955815011	-1.27350265251375
TGGGATTGTACTGTTG	-3.75489521003046	1.70974196701099
TGGGATTGTGATACAA	3.05915727781826	-0.793710395412411
TGGGCGTAGATTCGAA	0.515038978916629	1.21032771179535
TGGGCGTAGGCATCTT	-2.08845587868522	-1.41414955511003
TGGGCGTAGTATGAGT	-1.61984914090096	-0.0987771126236909
TGGGCTGTCGATCCCT	-1.64547788775147	1.12333938990626
TGGGTTAAGCGCTTCG	0.286143590169547	-2.70932956796191
TGGTACACAAGAGTAT	-0.271370991343847	-2.51970198276594
TGGTAGTGTGACTCTA	-1.43331571316026	-1.95378219759394
TGGTTAGAGAGCAAGA	1.20665622203579	-1.31984119653025
TGGTTAGCAATGTGGG	1.95469468276083	-0.774811540379392
TGGTTAGTCAAGGTGG	1.62079212797961	0.226565472297678
TGTAAGCAGGTGCAGT	-1.48978268654059	0.153715694485673
TGTAAGCAGTCCCTAA	-2.96039507960191	-4.00044532634958
TGTCAGAGTGTAGCAG	1.57951087714024	-1.10386992701331
TGTCAGATCATTGTTC	1.2024895951997	2.98706296559903
TGTCCACCACAAGTTC	0.128587962316049	-0.869027962033908
TGTCCACCATTGTAGC	-0.787557416812252	-2.27881257957031
TGTCCACGTCGCATTA	2.14056773831268	-1.69131815316623
TGTCCCAAGGTGGCTA	0.67197892314374	-1.05957920330602
TGTCCTGGTTCATCTT	-2.80779471838171	0.182561047987723
TGTCCTGTCGCTCATC	-1.18803511583935	-1.46091035958988
TGTGAGTCAGATGCGA	1.81445991775495	-0.159016666754113
TGTGCGGAGAGCACTG	-0.443267865133329	3.61653179293942
TGTGCGGGTATCGAAA	-2.46770021390953	-4.08936820486121
TGTGGCGTCAACTGAC	-1.32592910041914	-1.50298244664402
TGTGTGAAGACTGTTC	1.1145198789323	-0.363347968914882
TGTGTGAGTACCTAAC	1.7606511276921	-2.60408275263495
TGTGTGAGTAGGAGGG	1.17764075784727	-1.33994526034312
TGTGTGAGTCCGCAGT	-0.390457468994255	-1.60166576926712
TGTTACTCACAGGATG	-2.0072923144085	-0.980904169956137
TGTTACTCACGGCTAC	3.80627392970321	-0.902356092475791
TGTTCATCAAGGTCAG	1.85404804508397	-1.50860707631056
TGTTCATTCAGTGGGA	1.04689946774561	3.00652828439935
TGTTCCGCAGAATCGG	0.180586911231623	-2.00109281656179
TGTTCCGGTCTTCTAT	-0.152920023485273	-2.82966595248375
TGTTCCGTCTTCTCAA	-0.564236542226901	3.9435803827317
TGTTGAGAGGGTAGCT	-2.99890780854128	-4.29823145006063
TGTTGAGGTCGTTGGC	4.07899305892489	-1.53976719409786
TGTTGGACATGGAATA	2.06344030809152	-3.11030173639254
TGTTGGATCGACGTCG	1.6893718331791	-2.4701357511328
TGTTTGTCACCAAATC	-0.40972553465544	1.45604451536036
TGTTTGTTCCGTCCTA	0.93208020199537	-0.998182779742025
TTACAGGAGACCAACG	1.52400021854449	-2.20073634946636
TTACAGGGTACCAATC	-1.96280329703967	0.616845943722764
TTACAGGGTACGGCAA	-0.568477170275397	-1.65198514684087
TTACCATAGATTCGCT	-2.78729053745614	0.739652674598724
TTACCATGTGCAAGAC	5.08269291156083	1.92892524509357
TTACCATTCGTCAGAT	-3.25226278195826	-3.55935512001301
TTACCGCCATACACCA	-2.17060268266881	1.75513291955003
TTACGCCAGGCCATAG	0.475392459831117	-0.183833195689663
TTACGTTAGGGTGAAA	0.599540151053096	-0.950496769450569
TTACGTTAGTCATCGT	-1.44656304486677	-2.31846570769669
TTACGTTCATCAGTCA	-1.71323703877821	2.03201930906267
TTACGTTGTACAGCGA	-0.837363119813968	-1.02996125876841
TTACGTTGTAGACGTG	-2.82428935992695	0.171177895575446
TTACGTTTCGATTCCC	-0.921494549724954	0.707543590137043
TTACGTTTCTGATTCT	0.267047987802372	-2.93281950881831
TTACTGTAGAGTTGCG	-2.56537230847724	-0.722770022742538
TTAGGGTCAGAGAAAG	0.151298634083998	-1.20323125789695
TTAGTCTAGGTCCCGT	-2.47666633445376	0.566127125815503
TTAGTCTGTAACAAGT	-2.2118744057254	-1.63281582368872
TTAGTCTGTATCATGC	2.46654510648003	-0.885847044161931
TTAGTCTTCCGTGTAA	-1.73141063909785	-1.62812228363912
TTATTGCGTTGACTAC	-3.3631482502552	-4.05658959824954
TTATTGCTCAGATGCT	-2.63808370716944	0.228213499509432
TTATTGCTCGGAATTC	-0.0365750760535803	2.77577215446045
TTCAATCCAGAGCGTA	3.20974725417583	1.96000645003357
TTCACCGCACTAACCA	1.226746394098	2.81296197774818
TTCACCGGTATCTCTT	0.476495270737841	1.30243719057288
TTCACGCAGGCCTGAA	-0.147071000134162	0.465645896272227
TTCAGGAGTCCAAGAG	-0.39199875522939	3.50586184901579
TTCAGGAGTGCATTTG	0.372569521913947	-1.60306972567131
TTCATGTAGATCCCAT	0.0782863097113653	2.25032676457914
TTCATGTCACCGCTAG	-2.15416254769631	1.81227351004115
TTCATTGAGCTAAACA	-2.80238449429927	-3.60944902845899
TTCCAATAGTTAGTGA	1.25073512872354	-1.30048921883591
TTCCAATCAGTCAACT	-2.63919809732885	1.49173656006611
TTCCACGCAATACAGA	-1.55169909344402	1.47034304881971
TTCCACGTCCGACGGT	-0.206732478925043	0.691739339739908
TTCCGGTCAGCCGGTT	-1.92555773299106	0.595368446394773
TTCCGTGGTCACTCTC	3.44141939143861	1.98817830421189
TTCCGTGTCTACAGGT	-2.24750722923654	1.13400227908677
TTCCTAAAGAACCGCA	-2.19883760400969	1.80236368004178
TTCCTAACATCTGGGC	0.129815907567747	0.983763583331025
TTCCTCTAGTGGTTAA	1.17933725784968	-1.31623994748647
TTCCTCTCATGACAAA	-0.850271666928149	2.55167055030693
TTCCTTCCATTCACAG	0.08679005811091	3.19823590826665
TTCCTTCGTAGAGATT	4.16241766226844	-0.799831941216912
TTCCTTCGTTACGGAG	-1.82281732868672	0.959991010466602
TTCGATTCACGACAGA	-1.73475757415188	-1.06102875993751
TTCGCTGCAGGGCTTC	-1.34730411443856	2.39266923612173
TTCGGTCGTGCACGCT	-2.89681961028587	0.877144295444526
TTCTAACCAATCAAGA	-1.83721070544755	2.3059156020708
TTCTAACCAATGGGTG	2.89161554819247	-1.42523491812591
TTCTAACCAGCGGTCT	1.91296132968245	0.0766801811792899
TTCTAACCATGAGAAT	1.96831767619864	2.75753399831087
TTCTAACGTTAGAAAC	2.09134425489393	-3.26863503781758
TTCTAGTCAGATTTCG	0.275743855557162	0.00815263518952225
TTCTCTCAGATGAATC	-1.3732085286202	0.146831335249258
TTCTCTCCACACGGTC	-2.15375088349109	0.161316080064492
TTCTCTCCATTGCCTC	1.72249436859767	-0.247615285818454
TTCTCTCGTCTCGCGA	0.76886603839875	-1.40256644981761
TTCTCTCTCCGAGGCT	-0.99155085792153	3.3471860254985
TTCTGTAAGCATGATA	-0.899308531252464	1.20415632097464
TTCTGTAAGGAGTCTG	2.28050174477895	-3.17411765059764
TTCTTCCCACCAGGTC	3.5827094706585	-0.943988703661725
TTCTTCCGTTTGTTGG	-0.239048507849987	3.40279609305115
TTCTTCCTCAAGGCTT	1.22514802263413	2.8530437758451
TTCTTCCTCGAAGTGG	-2.07813732629568	0.942838380205608
TTCTTCCTCGACGCTG	4.61791988152115	1.34885625570701
TTCTTGACATCATCTT	0.164347813871264	3.81583913364812
TTGACCCAGTGCAAAT	0.015447105223636	-2.94591465315129
TTGACCCTCTTAGCAG	-0.240092451802341	-1.14443173046374
TTGATGGTCACTGGGC	-0.420674442251554	-1.2910455312576
TTGCATTCAGCAAGAC	-1.91282726053125	-0.7230872593549
TTGCATTCAGTTACCA	-0.0251774961644906	-0.784564230682763
TTGCATTGTAGCGATG	0.87425989664578	-1.59281627783498
TTGCATTGTAGTAAGT	-1.84876885270995	-0.059634537389357
TTGCCTGAGTCTGGTT	0.0655843981298116	2.45716786211596
TTGCCTGCACAAGTTC	-0.384076355084459	3.1532740788577
TTGCCTGTCGATGCAT	-0.345740144085352	2.4747667946455
TTGCCTGTCGCTAATG	0.915483646509534	1.87797838228298
TTGCGTCAGATCCCGC	-1.74209807849005	-1.61560012849144
TTGCTGCTCCTGCTAC	-2.28135572896674	1.48801106413763
TTGGATGAGGCTATCT	-1.52469840478092	-1.80873218331339
TTGGATGTCGTTAGTG	-0.22547266280969	3.28953976338295
TTGGGATCACTCACTC	-2.7114105372561	-3.35768478111225
TTGGGATCAGTCCGTG	1.58750528716443	0.0292247172144764
TTGGGATCATAATGAG	-0.799071490652996	1.28934234520051
TTGGGATCATCTTTCA	1.30303856387556	-1.79454406055389
TTGGGATTCGTTCAGA	1.0014593914252	1.33278369823377
TTGTGGACATGCGGTC	-0.876455109814736	1.52811028267348
TTGTGGAGTGTGAGCA	1.62442552810352	-2.27152767000024
TTGTGTTTCGAATGCT	-2.79386885686722	-3.4141907208914
TTGTTGTAGCGCTTCG	-3.01326036978986	-3.36433886139488
TTGTTTGCATCCTTGC	0.393930767569624	1.26096491907922
TTGTTTGGTTCTCGTC	0.242087540435874	-1.53452514634622
TTTACCATCGTTCTAT	-1.21702767129316	1.13409399097284
TTTACTGAGATCCAAA	-0.608478631610621	-0.356853020820389
TTTACTGAGCGCTTCG	-1.07914654645532	3.7762004455624
TTTACTGTCTCTATAC	2.05882231400199	-2.2007101454932
TTTAGTCAGGTCGTGA	-2.05513908309182	0.127886833897065
TTTAGTCAGTAAACTG	1.91824831139186	-0.459511104632257
TTTAGTCCAAATGCGG	0.816423531288396	2.84422934161822
TTTAGTCCAATTAGGA	4.06209439687401	-1.59327739647719
TTTATGCAGATCCCAT	-3.12477186107921	-3.09996498752076
TTTATGCCAGATCACT	-2.30417518871364	-0.35665670688197
TTTATGCTCGTTCTAT	-1.34445265018677	1.30505912782056
TTTCAGTTCTGTCTCG	-1.59411332294901	-0.459399338009717
TTTCATGAGCAAATGT	-3.35411038953672	1.33868518264619
TTTCATGCATGAAGGC	-0.468786466841401	1.46238885746071
TTTCATGTCCCAGGAC	1.74492909023358	-1.21395460218573
TTTCCTCCATCGATAC	4.44411857969402	1.24150351184277
TTTCCTCTCTCACCCA	1.69351134523796	0.300575706631844
TTTCGATTCTCCATAT	0.618306953516252	-0.0993242055137209
TTTGACTAGTTATGGA	2.2334350652235	-0.46372229359014
TTTGACTCAATAGGGC	1.46313640296722	-2.36855178575498
TTTGATCAGACTACGG	-1.04474126158391	-1.29021593291917
TTTGATCAGAGGTCAC	0.457111398705266	-2.47082453608181
TTTGATCAGTGCGACA	0.79073285444575	3.29095058878844
TTTGGAGAGTTTAGGA	-2.67768901170229	-2.75924916045752
TTTGGAGTCCGACATA	-2.50401549228194	1.08586348895555
TTTGGTTCATGAGATA	1.87579729269017	2.30228786130194
TTTGTTGGTCGTCGGT	3.57262383213309	1.97082290313586
TTTGTTGTCTGGGAGA	2.71870199559946	-1.29688332603641
